case,input_sha256,requested_accuracy,original_status,current_status,original_achieved_accuracy,current_achieved_accuracy,original_median_ns,current_median_ns,median_ratio_original_over_current,original_peak_rss_kib,current_peak_rss_kib,original_detail,current_detail
named_inverse/order5/inverse_only,1bbde14d8ff036f8e6156e8ba926c9aa4e54a9ad647e57fba3985554543eb994,1e-12,ok,ok,3.76971907412966e-16,3.76971907412966e-16,3328.576279342723,3292.5342674661106,1.0109465867167269,81096,81352,,
named_inverse/order10/inverse_only,9bd57de21dcd54dc578cd5e9575cc3456bd8e37b0591d1ff793dae820c078384,1e-12,ok,ok,4.2847669856627135e-16,4.2847669856627135e-16,6989.265574823378,6943.7456176018795,1.0065555335302188,80816,80848,,
named_inverse/order20/inverse_only,a8f3658e9f508f81ffa43452d25acaa448ad74d951681b4d49dc5f6a2093b296,1e-12,ok,ok,8.226487138582835e-16,8.226487138582835e-16,16725.318287037036,16668.084097859326,1.0034337593236082,80604,80560,,
named_inverse/order50/inverse_only,ecfe4896fa41bfa771e4ab1a5764bc279d8391b79a93e2405f2c0857ee27f7c4,1e-12,ok,ok,1.9027118295333957e-15,1.9027118295333957e-15,46031.375135623864,45721.38208333333,1.006780045531553,81000,81880,,
named_inverse/order100/inverse_only,a8a6b2621472f70224edfcf55be06268bc837aa487c674c8df08369fb4ce309b,1e-12,ok,ok,1.6047540577302428e-15,1.6047540577302428e-15,102528.60802469136,102388.56944444444,1.0013677169337043,81356,80400,,
named_inverse/order200/inverse_only,11e6913baaccd3a8a6481228187a301b4b157fff1faf5ec6f67c8edeaa5315c3,1e-12,ok,ok,4.5566309829086555e-15,4.5566309829086555e-15,237760.86328125,237033.09375,1.0030703287871592,80168,81936,,
named_inverse/order500/inverse_only,f374de04bba1eba96b03a9f99ce209602dfac07e3234433c7fb58f8002ac3bcf,1e-12,ok,ok,4.5242564565334175e-15,4.5242564565334175e-15,597435.0730158731,591595.3273809524,1.0098711828248776,81056,81760,,
named_inverse/order1000/inverse_only,82cd2a41241665a9e40f4ed1f7929086443562081aef47202b1ff2d14a3f9830,1e-12,ok,ok,9.80307119299338e-15,9.80307119299338e-15,1342332.0833333335,1340164.3055555555,1.0016175462730887,81060,81904,,
named_inverse/order2000/inverse_only,ee0bce22cf6b1a4eae91aeac8eca6add56733dab3cff66efd3e2fd71f7a1d238,1.0883473307245132e-11,ok,ok,8.236166047984923e-14,8.236166047984923e-14,2929941.854166667,2930140.1875,0.9999323126810864,80312,81064,,
named_inverse/order5000/inverse_only,d674048afa1af5d35078fbbf6133b2db5ec3113a395fb5983036abad66fd7673,1.2085366406342995e-11,ok,ok,2.491898770343572e-13,2.491898770343572e-13,13258847.75,13269968.0,0.9991619987327777,80484,80648,,
named_inverse/order10000/inverse_only,645ba779c84f0c911c33c06909bd0f19547dffbfd09faf50e434b521196139d8,1.2994729915445118e-11,ok,ok,4.3777414260937537e-13,4.3777414260937537e-13,29631453.0,30116731.0,0.9838867638058062,80908,81164,,
named_inverse/order20000/inverse_only,0177b03dca5d2aa9814451b7eaa7a35855f33ef3bfe5019a32dd297e00a8884d,1.3904159015963328e-11,ok,ok,9.029117150773002e-13,9.029117150773002e-13,66060355.5,66603008.5,0.9918524251047909,80872,81488,,
named_inverse/order50000/inverse_only,4db83c0a9269d60e76c82e08bf13beb63ce8da091ef7c6aa5065c23296e2c073,1.5106406252060964e-11,ok,ok,2.5613171072510578e-12,2.5613171072510578e-12,148676864.5,148974541.0,0.9980018297220329,86272,86672,,
named_inverse/order100000/inverse_only,0727af05f6a049b054efb5a9d5f060476750f58a7dca58808be9784da46a9696,1.6015887832795748e-11,resource_limit,resource_limit,,,,,,94188,93812,"Error: Numerics(Budget { resource: ""bytes"", requested: 281018368, limit: 149261440 })","Error: Numerics(Budget { resource: ""bytes"", requested: 281018368, limit: 149261440 })"
named_inverse/order200000/inverse_only,9f2e048fc6d43988eebb3dab2ed2f493e7f2a70567a7fe490c0d341553474249,1.69253759740004e-11,resource_limit,resource_limit,,,,,,154208,153276,"Error: Numerics(Budget { resource: ""bytes"", requested: 281018368, limit: 46861440 })","Error: Numerics(Budget { resource: ""bytes"", requested: 281018368, limit: 46861440 })"
named_inverse/order500000/inverse_only,f9e2729291b7150513d4c7c60f541db1a7515f030ba4ee673402a3ae9992471e,1.8127658636068528e-11,resource_limit,resource_limit,,,,,,324036,324032,"Error: Numerics(Budget { resource: ""bytes"", requested: 17563648, limit: 7048320 })","Error: Numerics(Budget { resource: ""bytes"", requested: 17563648, limit: 7048320 })"
named_inverse/order1000000/inverse_only,123c74db5f2618e712c955d3673e80e6a5055ce77ebc852816f123ffd1456cb9,1.9037152025719928e-11,resource_limit,resource_limit,,,,,,645068,644564,"Error: Budget(""stage storage"")","Error: Budget(""stage storage"")"
