case,source_lane,group,protocol,raw_status,diagnostic_category,source_assertion_gate_passed,sample_count,mean_ns,mean_interval_lower_ns,mean_interval_upper_ns,raw_times_ns
named_inverse/order5,named,inverse_quick,catch2_10,measured_summary_only,measured_summary_only,True,10,19714.1,16495.0,32197.5,
named_inverse/order10,named,inverse_quick,catch2_10,measured_summary_only,measured_summary_only,True,10,33517.2,32640.0,36591.5,
named_inverse/order20,named,inverse_quick,catch2_10,measured_summary_only,measured_summary_only,True,10,72339.4,70155.3,79176.6,
named_inverse/order50,named,inverse_quick,catch2_10,measured_summary_only,measured_summary_only,True,10,198121.0,195728.0,205791.0,
named_inverse/order100,named,inverse_quick,catch2_10,measured_summary_only,measured_summary_only,True,10,422106.0,418439.0,425949.0,
named_inverse/order200,named,inverse_quick,catch2_10,measured_summary_only,measured_summary_only,True,10,904093.0,894003.0,911874.0,
named_inverse/order500,named,inverse_quick,catch2_10,measured_summary_only,measured_summary_only,True,10,2266480.0,2251380.0,2276310.0,
named_inverse/order1000,named,inverse_quick,catch2_10,measured_summary_only,measured_summary_only,True,10,4828740.0,4818870.0,4834870.0,
named_inverse/order2000,named,inverse_quick,catch2_10,measured_summary_only,measured_summary_only,True,10,10227600.0,10201200.0,10255100.0,
named_inverse/order5000,named,inverse_quick,catch2_10,measured_summary_only,measured_summary_only,True,10,29084200.0,28930300.0,29448000.0,
named_inverse/order10000,named,inverse_quick,catch2_10,measured_summary_only,measured_summary_only,True,10,61548000.0,61468400.0,61610700.0,
named_inverse/order20000,named,inverse_quick,catch2_10,measured_summary_only,measured_summary_only,True,10,129303000.0,129024000.0,129660000.0,
named_inverse/order50000,named,inverse_full,catch2_10,measured_summary_only,measured_summary_only,True,10,374742000.0,373377000.0,375667000.0,
named_inverse/order100000,named,inverse_full,catch2_10,measured_summary_only,measured_summary_only,True,10,791218000.0,789999000.0,792305000.0,
named_inverse/order200000,named,inverse_full,catch2_10,measured_summary_only,measured_summary_only,True,10,1705570000.0,1701380000.0,1710090000.0,
named_inverse/order500000,named,inverse_full,catch2_10,measured_summary_only,measured_summary_only,True,10,4022830000.0,4010790000.0,4031470000.0,
named_inverse/order1000000,named,inverse_full,catch2_10,measured_summary_only,measured_summary_only,True,10,8643840000.0,8626780000.0,8664700000.0,
named_solver/random_basis_monomial_d200,named,solver_random,catch2_10,accuracy_failure,group_assertion_invalidated_summary,False,10,36806900.0,36780100.0,36847600.0,
named_solver/random_basis_chebyshev_d200,named,solver_random,catch2_10,accuracy_failure,group_assertion_invalidated_summary,False,10,10917100.0,10895700.0,10960000.0,
named_solver/random_basis_hermite_d200,named,solver_random,catch2_10,accuracy_failure,group_assertion_invalidated_summary,False,10,24765000.0,24720000.0,24782700.0,
named_solver/random_basis_laguerre_d200,named,solver_random,catch2_10,accuracy_failure,group_assertion_invalidated_summary,False,10,35918100.0,35898200.0,35946200.0,
named_solver/random_basis_jacobi_d200,named,solver_random,catch2_10,accuracy_failure,group_assertion_invalidated_summary,False,10,10946700.0,10921300.0,10994200.0,
named_solver/random_basis_laurent_d200,named,solver_random,catch2_10,unattempted,no_timing_observed_after_group_failure,False,,,,,
named_solver/industrial_inverse_default_kappa2_degree15,named,solver_industrial,catch2_10,measured_summary_only,measured_summary_only,True,10,513301.0,507156.0,524788.0,
named_solver/industrial_filter_chebyshev_d127,named,solver_industrial,catch2_10,measured_summary_only,measured_summary_only,True,10,5039050.0,5021910.0,5098840.0,
named_solver/industrial_heat_chebyshev_d127,named,solver_industrial,catch2_10,measured_summary_only,measured_summary_only,True,10,4789160.0,4752980.0,4922240.0,
coordinate/degree8105/criterion_10,source,,criterion_10,unsupported,unsupported,,,,,,
root_isolation/root_free,source,roots,catch2_10,measured_summary_only,measured_summary_only,True,10,94.5201,90.6838,102.163,
root_isolation/split,source,roots,catch2_10,measured_summary_only,measured_summary_only,True,10,2363.59,2198.79,2991.86,
root_isolation/repeated,source,roots,catch2_10,measured_summary_only,measured_summary_only,True,10,9430.05,9341.05,9709.0,
root_isolation/flat,source,roots,catch2_10,measured_summary_only,measured_summary_only,True,10,14780.0,14260.5,16714.5,
root_isolation/close,source,roots,catch2_10,measured_summary_only,measured_summary_only,True,10,10729.5,10341.5,12092.6,
roots_of_unity/direct512,source,unity,catch2_10,measured_summary_only,measured_summary_only,True,10,3731.62,3524.4,4549.9,
roots_of_unity/with_roots256,source,unity,catch2_10,measured_summary_only,measured_summary_only,True,10,120461.0,118934.0,121900.0,
unitary/dimension64,source,unitary,catch2_10,measured_summary_only,measured_summary_only,True,10,1331120.0,1306650.0,1349280.0,
unitary/dimension128,source,unitary,catch2_10,measured_summary_only,measured_summary_only,True,10,6019200.0,5970490.0,6109960.0,
unitary/dimension256,source,unitary,catch2_10,measured_summary_only,measured_summary_only,True,10,29692300.0,29657300.0,29731000.0,
unitary/dimension512,source,unitary,catch2_10,measured_summary_only,measured_summary_only,True,10,166737000.0,166500000.0,167343000.0,
circuit/degree1/construct,source,circuit,catch2_10,measured_summary_only,measured_summary_only,True,10,45.1562,44.7237,46.8138,
circuit/degree1/freeze,source,circuit,catch2_10,measured_summary_only,measured_summary_only,True,10,3397.18,2944.67,4400.87,
circuit/degree1/cold_execute,source,circuit,catch2_10,measured_summary_only,measured_summary_only,True,10,158065.0,152740.0,173472.0,
circuit/degree1/prepare,source,circuit,catch2_10,measured_summary_only,measured_summary_only,True,10,146626.0,137041.0,179792.0,
circuit/degree1/warm_execute,source,circuit,catch2_10,measured_summary_only,measured_summary_only,True,10,13451.1,12387.0,17588.5,
circuit/degree16/construct,source,circuit,catch2_10,measured_summary_only,measured_summary_only,True,10,483.367,469.888,524.973,
circuit/degree16/freeze,source,circuit,catch2_10,measured_summary_only,measured_summary_only,True,10,20513.1,19336.0,24439.1,
circuit/degree16/cold_execute,source,circuit,catch2_10,measured_summary_only,measured_summary_only,True,10,432690.0,425942.0,450772.0,
circuit/degree16/prepare,source,circuit,catch2_10,measured_summary_only,measured_summary_only,True,10,312693.0,290958.0,393482.0,
circuit/degree16/warm_execute,source,circuit,catch2_10,measured_summary_only,measured_summary_only,True,10,127637.0,121590.0,149656.0,
circuit/degree64/construct,source,circuit,catch2_10,measured_summary_only,measured_summary_only,True,10,2701.15,2423.89,3011.79,
circuit/degree64/freeze,source,circuit,catch2_10,measured_summary_only,measured_summary_only,True,10,82699.5,76284.5,106752.0,
circuit/degree64/cold_execute,source,circuit,catch2_10,measured_summary_only,measured_summary_only,True,10,1138820.0,1117480.0,1203850.0,
circuit/degree64/prepare,source,circuit,catch2_10,measured_summary_only,measured_summary_only,True,10,601320.0,592156.0,627521.0,
circuit/degree64/warm_execute,source,circuit,catch2_10,measured_summary_only,measured_summary_only,True,10,499943.0,492616.0,510178.0,
circuit/degree128/construct,source,circuit,catch2_10,measured_summary_only,measured_summary_only,True,10,7189.8,5525.05,8960.62,
circuit/degree128/freeze,source,circuit,catch2_10,measured_summary_only,measured_summary_only,True,10,133252.0,129366.0,141841.0,
circuit/degree128/cold_execute,source,circuit,catch2_10,measured_summary_only,measured_summary_only,True,10,2024810.0,2017040.0,2033640.0,
circuit/degree128/prepare,source,circuit,catch2_10,measured_summary_only,measured_summary_only,True,10,997292.0,992252.0,1003140.0,
circuit/degree128/warm_execute,source,circuit,catch2_10,measured_summary_only,measured_summary_only,True,10,992490.0,983933.0,999414.0,
coordinate/degree8105/fixed_3,source,coordinate,fixed_3,ok,ok,True,3,,,,"[8928650, 9050542, 9011102]"
softwarex/industrial_filter_chebyshev_d127/solver,softwarex,,criterion_10,unsupported,unsupported,,,,,,
softwarex/industrial_filter_chebyshev_d127/kernel,softwarex,,criterion_10,unsupported,unsupported,,,,,,
softwarex/industrial_filter_chebyshev_d255/solver,softwarex,,criterion_10,unsupported,unsupported,,,,,,
softwarex/industrial_filter_chebyshev_d255/kernel,softwarex,,criterion_10,unsupported,unsupported,,,,,,
softwarex/industrial_filter_chebyshev_d31/solver,softwarex,,criterion_10,unsupported,unsupported,,,,,,
softwarex/industrial_filter_chebyshev_d31/kernel,softwarex,,criterion_10,unsupported,unsupported,,,,,,
softwarex/industrial_filter_chebyshev_d511/solver,softwarex,,criterion_10,unsupported,unsupported,,,,,,
softwarex/industrial_filter_chebyshev_d511/kernel,softwarex,,criterion_10,unsupported,unsupported,,,,,,
softwarex/industrial_filter_chebyshev_d63/solver,softwarex,,criterion_10,unsupported,unsupported,,,,,,
softwarex/industrial_filter_chebyshev_d63/kernel,softwarex,,criterion_10,unsupported,unsupported,,,,,,
softwarex/industrial_heat_chebyshev_d127/solver,softwarex,,criterion_10,unsupported,unsupported,,,,,,
softwarex/industrial_heat_chebyshev_d127/kernel,softwarex,,criterion_10,unsupported,unsupported,,,,,,
softwarex/industrial_heat_chebyshev_d255/solver,softwarex,,criterion_10,unsupported,unsupported,,,,,,
softwarex/industrial_heat_chebyshev_d255/kernel,softwarex,,criterion_10,unsupported,unsupported,,,,,,
softwarex/industrial_heat_chebyshev_d31/solver,softwarex,,criterion_10,unsupported,unsupported,,,,,,
softwarex/industrial_heat_chebyshev_d31/kernel,softwarex,,criterion_10,unsupported,unsupported,,,,,,
softwarex/industrial_heat_chebyshev_d511/solver,softwarex,,criterion_10,unsupported,unsupported,,,,,,
softwarex/industrial_heat_chebyshev_d511/kernel,softwarex,,criterion_10,unsupported,unsupported,,,,,,
softwarex/industrial_heat_chebyshev_d63/solver,softwarex,,criterion_10,unsupported,unsupported,,,,,,
softwarex/industrial_heat_chebyshev_d63/kernel,softwarex,,criterion_10,unsupported,unsupported,,,,,,
softwarex/industrial_inverse_default_kappa2_degree15/solver,softwarex,,criterion_10,unsupported,unsupported,,,,,,
softwarex/industrial_inverse_default_kappa2_degree15/kernel,softwarex,,criterion_10,unsupported,unsupported,,,,,,
softwarex/random_basis_chebyshev_d10/solver,softwarex,,criterion_10,unsupported,unsupported,,,,,,
softwarex/random_basis_chebyshev_d10/kernel,softwarex,,criterion_10,unsupported,unsupported,,,,,,
softwarex/random_basis_chebyshev_d100/solver,softwarex,,criterion_10,unsupported,unsupported,,,,,,
softwarex/random_basis_chebyshev_d100/kernel,softwarex,,criterion_10,unsupported,unsupported,,,,,,
softwarex/random_basis_chebyshev_d20/solver,softwarex,,criterion_10,unsupported,unsupported,,,,,,
softwarex/random_basis_chebyshev_d20/kernel,softwarex,,criterion_10,unsupported,unsupported,,,,,,
softwarex/random_basis_chebyshev_d200/solver,softwarex,,criterion_10,unsupported,unsupported,,,,,,
softwarex/random_basis_chebyshev_d200/kernel,softwarex,,criterion_10,unsupported,unsupported,,,,,,
softwarex/random_basis_chebyshev_d5/solver,softwarex,,criterion_10,unsupported,unsupported,,,,,,
softwarex/random_basis_chebyshev_d5/kernel,softwarex,,criterion_10,unsupported,unsupported,,,,,,
softwarex/random_basis_chebyshev_d50/solver,softwarex,,criterion_10,unsupported,unsupported,,,,,,
softwarex/random_basis_chebyshev_d50/kernel,softwarex,,criterion_10,unsupported,unsupported,,,,,,
softwarex/random_basis_chebyshev_d500/solver,softwarex,,criterion_10,unsupported,unsupported,,,,,,
softwarex/random_basis_chebyshev_d500/kernel,softwarex,,criterion_10,unsupported,unsupported,,,,,,
softwarex/random_basis_hermite_d10/solver,softwarex,,criterion_10,unsupported,unsupported,,,,,,
softwarex/random_basis_hermite_d10/kernel,softwarex,,criterion_10,unsupported,unsupported,,,,,,
softwarex/random_basis_hermite_d100/solver,softwarex,,criterion_10,unsupported,unsupported,,,,,,
softwarex/random_basis_hermite_d100/kernel,softwarex,,criterion_10,unsupported,unsupported,,,,,,
softwarex/random_basis_hermite_d20/solver,softwarex,,criterion_10,unsupported,unsupported,,,,,,
softwarex/random_basis_hermite_d20/kernel,softwarex,,criterion_10,unsupported,unsupported,,,,,,
softwarex/random_basis_hermite_d200/solver,softwarex,,criterion_10,unsupported,unsupported,,,,,,
softwarex/random_basis_hermite_d200/kernel,softwarex,,criterion_10,unsupported,unsupported,,,,,,
softwarex/random_basis_hermite_d5/solver,softwarex,,criterion_10,unsupported,unsupported,,,,,,
softwarex/random_basis_hermite_d5/kernel,softwarex,,criterion_10,unsupported,unsupported,,,,,,
softwarex/random_basis_hermite_d50/solver,softwarex,,criterion_10,unsupported,unsupported,,,,,,
softwarex/random_basis_hermite_d50/kernel,softwarex,,criterion_10,unsupported,unsupported,,,,,,
softwarex/random_basis_jacobi_d10/solver,softwarex,,criterion_10,unsupported,unsupported,,,,,,
softwarex/random_basis_jacobi_d10/kernel,softwarex,,criterion_10,unsupported,unsupported,,,,,,
softwarex/random_basis_jacobi_d20/solver,softwarex,,criterion_10,unsupported,unsupported,,,,,,
softwarex/random_basis_jacobi_d20/kernel,softwarex,,criterion_10,unsupported,unsupported,,,,,,
softwarex/random_basis_jacobi_d5/solver,softwarex,,criterion_10,unsupported,unsupported,,,,,,
softwarex/random_basis_jacobi_d5/kernel,softwarex,,criterion_10,unsupported,unsupported,,,,,,
softwarex/random_basis_jacobi_d50/solver,softwarex,,criterion_10,unsupported,unsupported,,,,,,
softwarex/random_basis_jacobi_d50/kernel,softwarex,,criterion_10,unsupported,unsupported,,,,,,
softwarex/random_basis_laguerre_d10/solver,softwarex,,criterion_10,unsupported,unsupported,,,,,,
softwarex/random_basis_laguerre_d10/kernel,softwarex,,criterion_10,unsupported,unsupported,,,,,,
softwarex/random_basis_laguerre_d100/solver,softwarex,,criterion_10,unsupported,unsupported,,,,,,
softwarex/random_basis_laguerre_d100/kernel,softwarex,,criterion_10,unsupported,unsupported,,,,,,
softwarex/random_basis_laguerre_d20/solver,softwarex,,criterion_10,unsupported,unsupported,,,,,,
softwarex/random_basis_laguerre_d20/kernel,softwarex,,criterion_10,unsupported,unsupported,,,,,,
softwarex/random_basis_laguerre_d5/solver,softwarex,,criterion_10,unsupported,unsupported,,,,,,
softwarex/random_basis_laguerre_d5/kernel,softwarex,,criterion_10,unsupported,unsupported,,,,,,
softwarex/random_basis_laguerre_d50/solver,softwarex,,criterion_10,unsupported,unsupported,,,,,,
softwarex/random_basis_laguerre_d50/kernel,softwarex,,criterion_10,unsupported,unsupported,,,,,,
softwarex/random_basis_laurent_d10/solver,softwarex,,criterion_10,unsupported,unsupported,,,,,,
softwarex/random_basis_laurent_d10/kernel,softwarex,,criterion_10,unsupported,unsupported,,,,,,
softwarex/random_basis_laurent_d100/solver,softwarex,,criterion_10,unsupported,unsupported,,,,,,
softwarex/random_basis_laurent_d100/kernel,softwarex,,criterion_10,unsupported,unsupported,,,,,,
softwarex/random_basis_laurent_d1000/solver,softwarex,,criterion_10,unsupported,unsupported,,,,,,
softwarex/random_basis_laurent_d1000/kernel,softwarex,,criterion_10,unsupported,unsupported,,,,,,
softwarex/random_basis_laurent_d10000/solver,softwarex,,criterion_10,unsupported,unsupported,,,,,,
softwarex/random_basis_laurent_d10000/kernel,softwarex,,criterion_10,unsupported,unsupported,,,,,,
softwarex/random_basis_laurent_d20/solver,softwarex,,criterion_10,unsupported,unsupported,,,,,,
softwarex/random_basis_laurent_d20/kernel,softwarex,,criterion_10,unsupported,unsupported,,,,,,
softwarex/random_basis_laurent_d200/solver,softwarex,,criterion_10,unsupported,unsupported,,,,,,
softwarex/random_basis_laurent_d200/kernel,softwarex,,criterion_10,unsupported,unsupported,,,,,,
softwarex/random_basis_laurent_d2000/solver,softwarex,,criterion_10,unsupported,unsupported,,,,,,
softwarex/random_basis_laurent_d2000/kernel,softwarex,,criterion_10,unsupported,unsupported,,,,,,
softwarex/random_basis_laurent_d20000/solver,softwarex,,criterion_10,unsupported,unsupported,,,,,,
softwarex/random_basis_laurent_d20000/kernel,softwarex,,criterion_10,unsupported,unsupported,,,,,,
softwarex/random_basis_laurent_d5/solver,softwarex,,criterion_10,unsupported,unsupported,,,,,,
softwarex/random_basis_laurent_d5/kernel,softwarex,,criterion_10,unsupported,unsupported,,,,,,
softwarex/random_basis_laurent_d50/solver,softwarex,,criterion_10,unsupported,unsupported,,,,,,
softwarex/random_basis_laurent_d50/kernel,softwarex,,criterion_10,unsupported,unsupported,,,,,,
softwarex/random_basis_laurent_d500/solver,softwarex,,criterion_10,unsupported,unsupported,,,,,,
softwarex/random_basis_laurent_d500/kernel,softwarex,,criterion_10,unsupported,unsupported,,,,,,
softwarex/random_basis_laurent_d5000/solver,softwarex,,criterion_10,unsupported,unsupported,,,,,,
softwarex/random_basis_laurent_d5000/kernel,softwarex,,criterion_10,unsupported,unsupported,,,,,,
softwarex/random_basis_monomial_d10/solver,softwarex,,criterion_10,unsupported,unsupported,,,,,,
softwarex/random_basis_monomial_d10/kernel,softwarex,,criterion_10,unsupported,unsupported,,,,,,
softwarex/random_basis_monomial_d100/solver,softwarex,,criterion_10,unsupported,unsupported,,,,,,
softwarex/random_basis_monomial_d100/kernel,softwarex,,criterion_10,unsupported,unsupported,,,,,,
softwarex/random_basis_monomial_d1000/solver,softwarex,,criterion_10,unsupported,unsupported,,,,,,
softwarex/random_basis_monomial_d1000/kernel,softwarex,,criterion_10,unsupported,unsupported,,,,,,
softwarex/random_basis_monomial_d10000/solver,softwarex,,criterion_10,unsupported,unsupported,,,,,,
softwarex/random_basis_monomial_d10000/kernel,softwarex,,criterion_10,unsupported,unsupported,,,,,,
softwarex/random_basis_monomial_d100000/solver,softwarex,,criterion_10,unsupported,unsupported,,,,,,
softwarex/random_basis_monomial_d100000/kernel,softwarex,,criterion_10,unsupported,unsupported,,,,,,
softwarex/random_basis_monomial_d1000000/solver,softwarex,,criterion_10,unsupported,unsupported,,,,,,
softwarex/random_basis_monomial_d1000000/kernel,softwarex,,criterion_10,unsupported,unsupported,,,,,,
softwarex/random_basis_monomial_d20/solver,softwarex,,criterion_10,unsupported,unsupported,,,,,,
softwarex/random_basis_monomial_d20/kernel,softwarex,,criterion_10,unsupported,unsupported,,,,,,
softwarex/random_basis_monomial_d200/solver,softwarex,,criterion_10,unsupported,unsupported,,,,,,
softwarex/random_basis_monomial_d200/kernel,softwarex,,criterion_10,unsupported,unsupported,,,,,,
softwarex/random_basis_monomial_d2000/solver,softwarex,,criterion_10,unsupported,unsupported,,,,,,
softwarex/random_basis_monomial_d2000/kernel,softwarex,,criterion_10,unsupported,unsupported,,,,,,
softwarex/random_basis_monomial_d20000/solver,softwarex,,criterion_10,unsupported,unsupported,,,,,,
softwarex/random_basis_monomial_d20000/kernel,softwarex,,criterion_10,unsupported,unsupported,,,,,,
softwarex/random_basis_monomial_d200000/solver,softwarex,,criterion_10,unsupported,unsupported,,,,,,
softwarex/random_basis_monomial_d200000/kernel,softwarex,,criterion_10,unsupported,unsupported,,,,,,
softwarex/random_basis_monomial_d5/solver,softwarex,,criterion_10,unsupported,unsupported,,,,,,
softwarex/random_basis_monomial_d5/kernel,softwarex,,criterion_10,unsupported,unsupported,,,,,,
softwarex/random_basis_monomial_d50/solver,softwarex,,criterion_10,unsupported,unsupported,,,,,,
softwarex/random_basis_monomial_d50/kernel,softwarex,,criterion_10,unsupported,unsupported,,,,,,
softwarex/random_basis_monomial_d500/solver,softwarex,,criterion_10,unsupported,unsupported,,,,,,
softwarex/random_basis_monomial_d500/kernel,softwarex,,criterion_10,unsupported,unsupported,,,,,,
softwarex/random_basis_monomial_d5000/solver,softwarex,,criterion_10,unsupported,unsupported,,,,,,
softwarex/random_basis_monomial_d5000/kernel,softwarex,,criterion_10,unsupported,unsupported,,,,,,
softwarex/random_basis_monomial_d50000/solver,softwarex,,criterion_10,unsupported,unsupported,,,,,,
softwarex/random_basis_monomial_d50000/kernel,softwarex,,criterion_10,unsupported,unsupported,,,,,,
softwarex/random_basis_monomial_d500000/solver,softwarex,,criterion_10,unsupported,unsupported,,,,,,
softwarex/random_basis_monomial_d500000/kernel,softwarex,,criterion_10,unsupported,unsupported,,,,,,
