case,scope,input_sha256,source_degree,canonical_degree,dimension,requested_accuracy,effective_completion_tolerance,original_status,current_status,original_diagnostic_category,current_diagnostic_category,original_diagnostic,current_diagnostic,original_phase,current_phase,original_achieved_accuracy,current_achieved_accuracy,original_median_ns,current_median_ns,median_ratio_original_over_current,original_peak_rss_kib,current_peak_rss_kib
softwarex/industrial_filter_chebyshev_d127/solver/full_pipeline,full_pipeline,f2d9f118c494a4bc4b50d37ad3be30d94fc534b8dd395c818af1c903cdcea128,127,127,,1e-12,1.25e-13,ok,ok,ok,ok,,,complete,complete,1.1861526172103122e-15,1.1861526172103122e-15,269204.8023809524,268216.5523809524,1.0036845227903621,81064,80936
softwarex/industrial_filter_chebyshev_d127/kernel/validated_roundtrip,validated_roundtrip,f2d9f118c494a4bc4b50d37ad3be30d94fc534b8dd395c818af1c903cdcea128,127,127,,1e-12,1e-12,ok,ok,ok,ok,,,complete,complete,1.1861526172103122e-15,1.1861526172103122e-15,249151.4425925926,247408.8333333333,1.0070434399442458,80536,81568
softwarex/industrial_filter_chebyshev_d127/kernel/inverse_only,inverse_only,f2d9f118c494a4bc4b50d37ad3be30d94fc534b8dd395c818af1c903cdcea128,127,127,,1e-12,1e-12,ok,ok,ok,ok,,,complete,complete,1.1861526172103122e-15,1.1861526172103122e-15,113884.47287326389,114217.20486111111,0.9970868487961002,81004,81076
softwarex/industrial_filter_chebyshev_d127/kernel/forward_only,forward_only,f2d9f118c494a4bc4b50d37ad3be30d94fc534b8dd395c818af1c903cdcea128,127,127,,1e-12,1e-12,ok,ok,ok,ok,,,complete,complete,1.1861526172103122e-15,1.1861526172103122e-15,98092.84797297297,97425.98841698842,1.00684478101603,80992,81912
softwarex/industrial_filter_chebyshev_d127/kernel/completion_inverse,completion_inverse,f2d9f118c494a4bc4b50d37ad3be30d94fc534b8dd395c818af1c903cdcea128,127,127,,1e-12,1e-12,ok,ok,ok,ok,,,complete,complete,1.1861526172103122e-15,1.1861526172103122e-15,149663.36944444446,149028.386,1.0042608221258227,81072,81340
softwarex/industrial_filter_chebyshev_d255/solver/full_pipeline,full_pipeline,1b784baad96de09ca4f24a107119e94c2677cff78bb2ac4373e46dc35ba8e0bc,255,245,,1e-12,1.25e-13,ok,ok,ok,ok,,,complete,complete,2.5699457920084176e-15,2.5699457920084176e-15,588495.9166666667,598921.7061224489,0.9825924000596321,80608,81464
softwarex/industrial_filter_chebyshev_d255/kernel/validated_roundtrip,validated_roundtrip,1b784baad96de09ca4f24a107119e94c2677cff78bb2ac4373e46dc35ba8e0bc,255,245,,1e-12,1e-12,ok,ok,ok,ok,,,complete,complete,2.5699457920084176e-15,2.5699457920084176e-15,544734.2530612245,546491.0612244898,0.9967852938722749,80196,81040
softwarex/industrial_filter_chebyshev_d255/kernel/inverse_only,inverse_only,1b784baad96de09ca4f24a107119e94c2677cff78bb2ac4373e46dc35ba8e0bc,255,245,,1e-12,1e-12,ok,ok,ok,ok,,,complete,complete,2.5699457920084176e-15,2.5699457920084176e-15,253551.6666666667,253181.59666666668,1.0014616781190744,80996,80212
softwarex/industrial_filter_chebyshev_d255/kernel/forward_only,forward_only,1b784baad96de09ca4f24a107119e94c2677cff78bb2ac4373e46dc35ba8e0bc,255,245,,1e-12,1e-12,ok,ok,ok,ok,,,complete,complete,2.5699457920084176e-15,2.5699457920084176e-15,216625.4019607843,213532.52083333334,1.0144843563658625,80412,80232
softwarex/industrial_filter_chebyshev_d255/kernel/completion_inverse,completion_inverse,1b784baad96de09ca4f24a107119e94c2677cff78bb2ac4373e46dc35ba8e0bc,255,245,,1e-12,1e-12,ok,ok,ok,ok,,,complete,complete,2.5699457920084176e-15,2.5699457920084176e-15,326257.0486111111,326842.94444444444,0.9982074086551594,79936,81584
softwarex/industrial_filter_chebyshev_d31/solver/full_pipeline,full_pipeline,998efe070176b112ce9cdd49f117632c705a4e3d3ff968f6d8717dc957c268d6,31,31,,1e-12,1.25e-13,ok,ok,ok,ok,,,complete,complete,3.321499117064611e-16,3.321499117064611e-16,56220.65311355311,56040.62487179488,1.0032124595714285,80580,80668
softwarex/industrial_filter_chebyshev_d31/kernel/validated_roundtrip,validated_roundtrip,998efe070176b112ce9cdd49f117632c705a4e3d3ff968f6d8717dc957c268d6,31,31,,1e-12,1e-12,ok,ok,ok,ok,,,complete,complete,3.321499117064611e-16,3.321499117064611e-16,51415.938649706455,49972.69520547945,1.0288806404836206,79860,80984
softwarex/industrial_filter_chebyshev_d31/kernel/inverse_only,inverse_only,998efe070176b112ce9cdd49f117632c705a4e3d3ff968f6d8717dc957c268d6,31,31,,1e-12,1e-12,ok,ok,ok,ok,,,complete,complete,3.321499117064611e-16,3.321499117064611e-16,21808.70628742515,22007.013116623893,0.9909889257507215,80820,81260
softwarex/industrial_filter_chebyshev_d31/kernel/forward_only,forward_only,998efe070176b112ce9cdd49f117632c705a4e3d3ff968f6d8717dc957c268d6,31,31,,1e-12,1e-12,ok,ok,ok,ok,,,complete,complete,3.321499117064611e-16,3.321499117064611e-16,18639.386858974358,18472.042006802723,1.009059358576058,80220,81016
softwarex/industrial_filter_chebyshev_d31/kernel/completion_inverse,completion_inverse,998efe070176b112ce9cdd49f117632c705a4e3d3ff968f6d8717dc957c268d6,31,31,,1e-12,1e-12,ok,ok,ok,ok,,,complete,complete,3.321499117064611e-16,3.321499117064611e-16,31080.134065934064,30952.571751412426,1.0041212186032915,80400,80280
softwarex/industrial_filter_chebyshev_d511/solver/full_pipeline,full_pipeline,105726d665a4573efdac2cf3319c50d72994fecf18567a7805283c80e5305f59,511,459,,1e-12,1.25e-13,ok,ok,ok,ok,,,complete,complete,5.611990478375965e-15,5.611990478375965e-15,1285866.986111111,1287797.25,0.9985011119654985,80380,81080
softwarex/industrial_filter_chebyshev_d511/kernel/validated_roundtrip,validated_roundtrip,105726d665a4573efdac2cf3319c50d72994fecf18567a7805283c80e5305f59,511,459,,1e-12,1e-12,ok,ok,ok,ok,,,complete,complete,5.611990478375965e-15,5.611990478375965e-15,1203221.10625,1198715.1125,1.0037590197228785,81452,81276
softwarex/industrial_filter_chebyshev_d511/kernel/inverse_only,inverse_only,105726d665a4573efdac2cf3319c50d72994fecf18567a7805283c80e5305f59,511,459,,1e-12,1e-12,ok,ok,ok,ok,,,complete,complete,5.611990478375965e-15,5.611990478375965e-15,571925.224489796,571839.7053571428,1.0001495508826197,79728,81764
softwarex/industrial_filter_chebyshev_d511/kernel/forward_only,forward_only,105726d665a4573efdac2cf3319c50d72994fecf18567a7805283c80e5305f59,511,459,,1e-12,1e-12,ok,ok,ok,ok,,,complete,complete,5.611990478375965e-15,5.611990478375965e-15,481447.89375,470229.925,1.0238563480408016,80964,80720
softwarex/industrial_filter_chebyshev_d511/kernel/completion_inverse,completion_inverse,105726d665a4573efdac2cf3319c50d72994fecf18567a7805283c80e5305f59,511,459,,1e-12,1e-12,ok,ok,ok,ok,,,complete,complete,5.611990478375965e-15,5.611990478375965e-15,723050.6799999999,725578.8125,0.9965157024206794,80536,81536
softwarex/industrial_filter_chebyshev_d63/solver/full_pipeline,full_pipeline,c5c0f531a0dd7ba512e0a81bcee75aa084f68942bfef5aed135b3b466a83f6c6,63,63,,1e-12,1.25e-13,ok,ok,ok,ok,,,complete,complete,9.78782583913152e-16,9.78782583913152e-16,124963.3591954023,125973.75,0.9919793543925008,80816,80404
softwarex/industrial_filter_chebyshev_d63/kernel/validated_roundtrip,validated_roundtrip,c5c0f531a0dd7ba512e0a81bcee75aa084f68942bfef5aed135b3b466a83f6c6,63,63,,1e-12,1e-12,ok,ok,ok,ok,,,complete,complete,9.78782583913152e-16,9.78782583913152e-16,112351.35822510823,111572.45303030303,1.0069811604356647,80820,81376
softwarex/industrial_filter_chebyshev_d63/kernel/inverse_only,inverse_only,c5c0f531a0dd7ba512e0a81bcee75aa084f68942bfef5aed135b3b466a83f6c6,63,63,,1e-12,1e-12,ok,ok,ok,ok,,,complete,complete,9.78782583913152e-16,9.78782583913152e-16,50346.460069444445,51046.37905092593,0.9862885674852037,81000,81612
softwarex/industrial_filter_chebyshev_d63/kernel/forward_only,forward_only,c5c0f531a0dd7ba512e0a81bcee75aa084f68942bfef5aed135b3b466a83f6c6,63,63,,1e-12,1e-12,ok,ok,ok,ok,,,complete,complete,9.78782583913152e-16,9.78782583913152e-16,42929.826744186044,42243.624031007756,1.016243935716183,81556,81628
softwarex/industrial_filter_chebyshev_d63/kernel/completion_inverse,completion_inverse,c5c0f531a0dd7ba512e0a81bcee75aa084f68942bfef5aed135b3b466a83f6c6,63,63,,1e-12,1e-12,ok,ok,ok,ok,,,complete,complete,9.78782583913152e-16,9.78782583913152e-16,68880.02116402116,68876.00185309973,1.0000583557525595,80028,80892
softwarex/industrial_heat_chebyshev_d127/solver/full_pipeline,full_pipeline,0579e3640b2585a7c28315f48beaf74f40fe8339c5b5e6f31c4a8afa7bca907d,127,127,,1e-12,1.25e-13,ok,ok,ok,ok,,,complete,complete,1.1135784950128012e-15,1.1135784950128012e-15,269820.1949404762,270148.79761904763,0.9987836233902666,80924,81304
softwarex/industrial_heat_chebyshev_d127/kernel/validated_roundtrip,validated_roundtrip,0579e3640b2585a7c28315f48beaf74f40fe8339c5b5e6f31c4a8afa7bca907d,127,127,,1e-12,1e-12,ok,ok,ok,ok,,,complete,complete,1.1135784950128012e-15,1.1135784950128012e-15,251933.85833333334,251753.68148148147,1.000715687058841,80228,80680
softwarex/industrial_heat_chebyshev_d127/kernel/inverse_only,inverse_only,0579e3640b2585a7c28315f48beaf74f40fe8339c5b5e6f31c4a8afa7bca907d,127,127,,1e-12,1e-12,ok,ok,ok,ok,,,complete,complete,1.1135784950128012e-15,1.1135784950128012e-15,115837.015625,114809.66753472222,1.00894827162501,80736,81788
softwarex/industrial_heat_chebyshev_d127/kernel/forward_only,forward_only,0579e3640b2585a7c28315f48beaf74f40fe8339c5b5e6f31c4a8afa7bca907d,127,127,,1e-12,1e-12,ok,ok,ok,ok,,,complete,complete,1.1135784950128012e-15,1.1135784950128012e-15,98943.17102102103,99332.49932432434,0.9960805546427244,80192,81216
softwarex/industrial_heat_chebyshev_d127/kernel/completion_inverse,completion_inverse,0579e3640b2585a7c28315f48beaf74f40fe8339c5b5e6f31c4a8afa7bca907d,127,127,,1e-12,1e-12,ok,ok,ok,ok,,,complete,complete,1.1135784950128012e-15,1.1135784950128012e-15,152094.485,151545.49594907407,1.0036226022257395,80616,81672
softwarex/industrial_heat_chebyshev_d255/solver/full_pipeline,full_pipeline,d3f76da06a99a3a7e706f47f5f5b1614cd44ed8a97e85b5e515c9c4c7bec13ea,255,245,,1e-12,1.25e-13,ok,ok,ok,ok,,,complete,complete,2.2685285873459904e-15,2.2685285873459904e-15,594167.2785714285,586739.6678571429,1.0126591248575578,81092,81172
softwarex/industrial_heat_chebyshev_d255/kernel/validated_roundtrip,validated_roundtrip,d3f76da06a99a3a7e706f47f5f5b1614cd44ed8a97e85b5e515c9c4c7bec13ea,255,245,,1e-12,1e-12,ok,ok,ok,ok,,,complete,complete,2.2685285873459904e-15,2.2685285873459904e-15,546956.6071428572,542026.9965986394,1.0090947694029122,81484,80932
softwarex/industrial_heat_chebyshev_d255/kernel/inverse_only,inverse_only,d3f76da06a99a3a7e706f47f5f5b1614cd44ed8a97e85b5e515c9c4c7bec13ea,255,245,,1e-12,1e-12,ok,ok,ok,ok,,,complete,complete,2.2685285873459904e-15,2.2685285873459904e-15,253390.5814814815,253187.2527777778,1.0008030763850586,80840,80596
softwarex/industrial_heat_chebyshev_d255/kernel/forward_only,forward_only,d3f76da06a99a3a7e706f47f5f5b1614cd44ed8a97e85b5e515c9c4c7bec13ea,255,245,,1e-12,1e-12,ok,ok,ok,ok,,,complete,complete,2.2685285873459904e-15,2.2685285873459904e-15,212809.5,212668.41666666666,1.0006633957949407,80268,81220
softwarex/industrial_heat_chebyshev_d255/kernel/completion_inverse,completion_inverse,d3f76da06a99a3a7e706f47f5f5b1614cd44ed8a97e85b5e515c9c4c7bec13ea,255,245,,1e-12,1e-12,ok,ok,ok,ok,,,complete,complete,2.2685285873459904e-15,2.2685285873459904e-15,328466.3361111111,327218.65555555554,1.0038129872315416,80408,81404
softwarex/industrial_heat_chebyshev_d31/solver/full_pipeline,full_pipeline,e702e2dc78186b7c1df8ef4fde08d7ea8caa51b10327d819af201ff69f3baa19,31,31,,1e-12,1.25e-13,ok,ok,ok,ok,,,complete,complete,2.242497087371822e-16,2.242497087371822e-16,56011.81208791208,55951.72948717949,1.001073829196761,80496,81760
softwarex/industrial_heat_chebyshev_d31/kernel/validated_roundtrip,validated_roundtrip,e702e2dc78186b7c1df8ef4fde08d7ea8caa51b10327d819af201ff69f3baa19,31,31,,1e-12,1e-12,ok,ok,ok,ok,,,complete,complete,2.242497087371822e-16,2.242497087371822e-16,50116.21759259259,50080.47089041096,1.0007137852649162,79752,81456
softwarex/industrial_heat_chebyshev_d31/kernel/inverse_only,inverse_only,e702e2dc78186b7c1df8ef4fde08d7ea8caa51b10327d819af201ff69f3baa19,31,31,,1e-12,1e-12,ok,ok,ok,ok,,,complete,complete,2.242497087371822e-16,2.242497087371822e-16,21633.58493013972,22010.66909090909,0.9828681191284133,80736,80668
softwarex/industrial_heat_chebyshev_d31/kernel/forward_only,forward_only,e702e2dc78186b7c1df8ef4fde08d7ea8caa51b10327d819af201ff69f3baa19,31,31,,1e-12,1e-12,ok,ok,ok,ok,,,complete,complete,2.242497087371822e-16,2.242497087371822e-16,19191.269573978123,18619.345177664974,1.0307166761696436,80896,81816
softwarex/industrial_heat_chebyshev_d31/kernel/completion_inverse,completion_inverse,e702e2dc78186b7c1df8ef4fde08d7ea8caa51b10327d819af201ff69f3baa19,31,31,,1e-12,1e-12,ok,ok,ok,ok,,,complete,complete,2.242497087371822e-16,2.242497087371822e-16,30843.241807909602,31056.39188034188,0.9931366762354903,81356,80220
softwarex/industrial_heat_chebyshev_d511/solver/full_pipeline,full_pipeline,5ac0246e9aee534a6f317dd84b2bfb7304a5d0375b85d5661268057710f2fab6,511,459,,1e-12,1.25e-13,ok,ok,ok,ok,,,complete,complete,5.727202016152102e-15,5.727202016152102e-15,1305928.4777777777,1293183.138888889,1.0098557880207435,80544,80132
softwarex/industrial_heat_chebyshev_d511/kernel/validated_roundtrip,validated_roundtrip,5ac0246e9aee534a6f317dd84b2bfb7304a5d0375b85d5661268057710f2fab6,511,459,,1e-12,1e-12,ok,ok,ok,ok,,,complete,complete,5.727202016152102e-15,5.727202016152102e-15,1206026.6878306877,1207950.4259259258,0.9984074362209331,80496,80716
softwarex/industrial_heat_chebyshev_d511/kernel/inverse_only,inverse_only,5ac0246e9aee534a6f317dd84b2bfb7304a5d0375b85d5661268057710f2fab6,511,459,,1e-12,1e-12,ok,ok,ok,ok,,,complete,complete,5.727202016152102e-15,5.727202016152102e-15,574159.0119047619,573647.5119047619,1.0008916625443063,80436,80812
softwarex/industrial_heat_chebyshev_d511/kernel/forward_only,forward_only,5ac0246e9aee534a6f317dd84b2bfb7304a5d0375b85d5661268057710f2fab6,511,459,,1e-12,1e-12,ok,ok,ok,ok,,,complete,complete,5.727202016152102e-15,5.727202016152102e-15,476314.546875,472500.0375,1.0080730350735687,81160,81316
softwarex/industrial_heat_chebyshev_d511/kernel/completion_inverse,completion_inverse,5ac0246e9aee534a6f317dd84b2bfb7304a5d0375b85d5661268057710f2fab6,511,459,,1e-12,1e-12,ok,ok,ok,ok,,,complete,complete,5.727202016152102e-15,5.727202016152102e-15,731480.0,724529.3722222222,1.0095933002087403,80876,81676
softwarex/industrial_heat_chebyshev_d63/solver/full_pipeline,full_pipeline,b8a13ae985a52a1cafba887a090c085bf0420e4aaebc3f6e365cc93fa0819afe,63,63,,1e-12,1.25e-13,ok,ok,ok,ok,,,complete,complete,7.744598860709448e-16,7.744598860709448e-16,124526.90452380953,124207.23194444444,1.0025737034338553,80700,80840
softwarex/industrial_heat_chebyshev_d63/kernel/validated_roundtrip,validated_roundtrip,b8a13ae985a52a1cafba887a090c085bf0420e4aaebc3f6e365cc93fa0819afe,63,63,,1e-12,1e-12,ok,ok,ok,ok,,,complete,complete,7.744598860709448e-16,7.744598860709448e-16,113210.81515151515,112936.05606060606,1.0024328730831689,81224,82188
softwarex/industrial_heat_chebyshev_d63/kernel/inverse_only,inverse_only,b8a13ae985a52a1cafba887a090c085bf0420e4aaebc3f6e365cc93fa0819afe,63,63,,1e-12,1e-12,ok,ok,ok,ok,,,complete,complete,7.744598860709448e-16,7.744598860709448e-16,50760.800078247266,50541.59722222222,1.0043370781311334,80984,81264
softwarex/industrial_heat_chebyshev_d63/kernel/forward_only,forward_only,b8a13ae985a52a1cafba887a090c085bf0420e4aaebc3f6e365cc93fa0819afe,63,63,,1e-12,1e-12,ok,ok,ok,ok,,,complete,complete,7.744598860709448e-16,7.744598860709448e-16,42760.70411764705,42229.28488372093,1.012584140020116,80632,81140
softwarex/industrial_heat_chebyshev_d63/kernel/completion_inverse,completion_inverse,b8a13ae985a52a1cafba887a090c085bf0420e4aaebc3f6e365cc93fa0819afe,63,63,,1e-12,1e-12,ok,ok,ok,ok,,,complete,complete,7.744598860709448e-16,7.744598860709448e-16,68600.10983827493,68704.58018867925,0.9984794266973553,80532,80676
softwarex/industrial_inverse_default_kappa2_degree15/solver/full_pipeline,full_pipeline,a1f4bc523cd48b1d2014aa0dfd83d48b2c0386e1b6964f0b4e6ae920a5bbb261,15,15,,1e-12,1.25e-13,accuracy_failure,accuracy_failure,accuracy_failure,accuracy_failure,"Error: NotEstablished { stage: ""Weiss logarithm domain"", bound: 1.402072469545704, tolerance: 1.0 }","Error: NotEstablished { stage: ""Weiss logarithm domain"", bound: 1.402072469545704, tolerance: 1.0 }",preparation,preparation,,,,,,80600,81004
softwarex/industrial_inverse_default_kappa2_degree15/kernel/validated_roundtrip,validated_roundtrip,a1f4bc523cd48b1d2014aa0dfd83d48b2c0386e1b6964f0b4e6ae920a5bbb261,15,15,,1e-12,1e-12,accuracy_failure,accuracy_failure,accuracy_failure,accuracy_failure,"Error: NotEstablished { stage: ""Weiss logarithm domain"", bound: 1.402072469545704, tolerance: 1.0 }","Error: NotEstablished { stage: ""Weiss logarithm domain"", bound: 1.402072469545704, tolerance: 1.0 }",preparation,preparation,,,,,,81228,81648
softwarex/industrial_inverse_default_kappa2_degree15/kernel/inverse_only,inverse_only,a1f4bc523cd48b1d2014aa0dfd83d48b2c0386e1b6964f0b4e6ae920a5bbb261,15,15,,1e-12,1e-12,accuracy_failure,accuracy_failure,accuracy_failure,accuracy_failure,"Error: NotEstablished { stage: ""Weiss logarithm domain"", bound: 1.402072469545704, tolerance: 1.0 }","Error: NotEstablished { stage: ""Weiss logarithm domain"", bound: 1.402072469545704, tolerance: 1.0 }",preparation,preparation,,,,,,81028,81528
softwarex/industrial_inverse_default_kappa2_degree15/kernel/forward_only,forward_only,a1f4bc523cd48b1d2014aa0dfd83d48b2c0386e1b6964f0b4e6ae920a5bbb261,15,15,,1e-12,1e-12,accuracy_failure,accuracy_failure,accuracy_failure,accuracy_failure,"Error: NotEstablished { stage: ""Weiss logarithm domain"", bound: 1.402072469545704, tolerance: 1.0 }","Error: NotEstablished { stage: ""Weiss logarithm domain"", bound: 1.402072469545704, tolerance: 1.0 }",preparation,preparation,,,,,,81196,80940
softwarex/industrial_inverse_default_kappa2_degree15/kernel/completion_inverse,completion_inverse,a1f4bc523cd48b1d2014aa0dfd83d48b2c0386e1b6964f0b4e6ae920a5bbb261,15,15,,1e-12,1e-12,accuracy_failure,accuracy_failure,accuracy_failure,accuracy_failure,"Error: NotEstablished { stage: ""Weiss logarithm domain"", bound: 1.402072469545704, tolerance: 1.0 }","Error: NotEstablished { stage: ""Weiss logarithm domain"", bound: 1.402072469545704, tolerance: 1.0 }",preparation,preparation,,,,,,80916,80360
softwarex/random_basis_chebyshev_d10/solver/full_pipeline,full_pipeline,ef21131243309300060eda86f95ae5d780627cbb926681ec7d73c7170c2a51f3,10,10,,1e-12,1.25e-13,ok,ok,ok,ok,,,complete,complete,5.249321836123845e-16,5.249321836123845e-16,19866.47329650092,20149.6197053407,0.9859478038305243,81400,80860
softwarex/random_basis_chebyshev_d10/kernel/validated_roundtrip,validated_roundtrip,ef21131243309300060eda86f95ae5d780627cbb926681ec7d73c7170c2a51f3,10,10,,1e-12,1e-12,ok,ok,ok,ok,,,complete,complete,5.249321836123845e-16,5.249321836123845e-16,18513.835481099657,18568.58737244898,0.9970513701311194,80096,81544
softwarex/random_basis_chebyshev_d10/kernel/inverse_only,inverse_only,ef21131243309300060eda86f95ae5d780627cbb926681ec7d73c7170c2a51f3,10,10,,1e-12,1e-12,ok,ok,ok,ok,,,complete,complete,5.249321836123845e-16,5.249321836123845e-16,7936.92330415755,7655.482242897158,1.03676333538903,81072,80744
softwarex/random_basis_chebyshev_d10/kernel/forward_only,forward_only,ef21131243309300060eda86f95ae5d780627cbb926681ec7d73c7170c2a51f3,10,10,,1e-12,1e-12,ok,ok,ok,ok,,,complete,complete,5.249321836123845e-16,5.249321836123845e-16,7048.642822265625,6908.741306191688,1.0202499282971496,80712,81604
softwarex/random_basis_chebyshev_d10/kernel/completion_inverse,completion_inverse,ef21131243309300060eda86f95ae5d780627cbb926681ec7d73c7170c2a51f3,10,10,,1e-12,1e-12,ok,ok,ok,ok,,,complete,complete,5.249321836123845e-16,5.249321836123845e-16,11631.889220640025,11663.776041666668,0.9972661665559478,81344,81120
softwarex/random_basis_chebyshev_d100/solver/full_pipeline,full_pipeline,2880ac9cee3a1beee563e5b28d75227fb107e0e0812cad0896d27aa11e3b04ab,100,100,,1e-12,1.25e-13,ok,ok,ok,ok,,,complete,complete,1.781659333093376e-15,1.781659333093376e-15,245079.615,244156.01904761905,1.003782810499547,79924,80820
softwarex/random_basis_chebyshev_d100/kernel/validated_roundtrip,validated_roundtrip,2880ac9cee3a1beee563e5b28d75227fb107e0e0812cad0896d27aa11e3b04ab,100,100,,1e-12,1e-12,ok,ok,ok,ok,,,complete,complete,1.781659333093376e-15,1.781659333093376e-15,232059.73263888888,232135.45625,0.9996737955832582,81020,81188
softwarex/random_basis_chebyshev_d100/kernel/inverse_only,inverse_only,2880ac9cee3a1beee563e5b28d75227fb107e0e0812cad0896d27aa11e3b04ab,100,100,,1e-12,1e-12,ok,ok,ok,ok,,,complete,complete,1.781659333093376e-15,1.781659333093376e-15,103823.36349206348,103414.64047619049,1.0039522742040292,81408,80956
softwarex/random_basis_chebyshev_d100/kernel/forward_only,forward_only,2880ac9cee3a1beee563e5b28d75227fb107e0e0812cad0896d27aa11e3b04ab,100,100,,1e-12,1e-12,ok,ok,ok,ok,,,complete,complete,1.781659333093376e-15,1.781659333093376e-15,90978.49880952382,91646.65042735043,0.9927094813098897,80624,81636
softwarex/random_basis_chebyshev_d100/kernel/completion_inverse,completion_inverse,2880ac9cee3a1beee563e5b28d75227fb107e0e0812cad0896d27aa11e3b04ab,100,100,,1e-12,1e-12,ok,ok,ok,ok,,,complete,complete,1.781659333093376e-15,1.781659333093376e-15,139195.92901234567,139979.6901709402,0.9944008937465328,80336,80160
softwarex/random_basis_chebyshev_d20/solver/full_pipeline,full_pipeline,3f20e4f2e741e3762d1ded9b73d8dd613a882ddb0aa4910ce4a4028427aa5fa0,20,20,,1e-12,1.25e-13,ok,ok,ok,ok,,,complete,complete,1.1165079742958646e-15,1.1165079742958646e-15,44256.868902439026,44512.24085365854,0.9942628826066273,80432,80860
softwarex/random_basis_chebyshev_d20/kernel/validated_roundtrip,validated_roundtrip,3f20e4f2e741e3762d1ded9b73d8dd613a882ddb0aa4910ce4a4028427aa5fa0,20,20,,1e-12,1e-12,ok,ok,ok,ok,,,complete,complete,1.1165079742958646e-15,1.1165079742958646e-15,41036.61587078651,41042.65917602996,0.9998527555142679,80268,81396
softwarex/random_basis_chebyshev_d20/kernel/inverse_only,inverse_only,3f20e4f2e741e3762d1ded9b73d8dd613a882ddb0aa4910ce4a4028427aa5fa0,20,20,,1e-12,1e-12,ok,ok,ok,ok,,,complete,complete,1.1165079742958646e-15,1.1165079742958646e-15,17258.61040521978,17195.127358490565,1.0036919207055404,81352,81148
softwarex/random_basis_chebyshev_d20/kernel/forward_only,forward_only,3f20e4f2e741e3762d1ded9b73d8dd613a882ddb0aa4910ce4a4028427aa5fa0,20,20,,1e-12,1e-12,ok,ok,ok,ok,,,complete,complete,1.1165079742958646e-15,1.1165079742958646e-15,14482.183142857142,14411.384462151393,1.0049126911360728,80992,81024
softwarex/random_basis_chebyshev_d20/kernel/completion_inverse,completion_inverse,3f20e4f2e741e3762d1ded9b73d8dd613a882ddb0aa4910ce4a4028427aa5fa0,20,20,,1e-12,1e-12,ok,ok,ok,ok,,,complete,complete,1.1165079742958646e-15,1.1165079742958646e-15,26226.614705882355,25959.43034410845,1.010292381544287,81036,80284
softwarex/random_basis_chebyshev_d200/solver/full_pipeline,full_pipeline,12019d89e42bc9edbadbef66e2261fea7c337a4c0b6de6891ab26a43c2e9798f,200,196,,1e-12,1.25e-13,ok,ok,ok,ok,,,complete,complete,2.3228671093320055e-15,2.3228671093320055e-15,542221.0976190476,539562.1530612245,1.0049279671354587,80192,80580
softwarex/random_basis_chebyshev_d200/kernel/validated_roundtrip,validated_roundtrip,12019d89e42bc9edbadbef66e2261fea7c337a4c0b6de6891ab26a43c2e9798f,200,196,,1e-12,1e-12,ok,ok,ok,ok,,,complete,complete,2.3228671093320055e-15,2.3228671093320055e-15,502122.125,517006.984375,0.9712095584298652,81156,81336
softwarex/random_basis_chebyshev_d200/kernel/inverse_only,inverse_only,12019d89e42bc9edbadbef66e2261fea7c337a4c0b6de6891ab26a43c2e9798f,200,196,,1e-12,1e-12,ok,ok,ok,ok,,,complete,complete,2.3228671093320055e-15,2.3228671093320055e-15,234902.3541666667,233925.4713541667,1.0041760429372866,80228,81352
softwarex/random_basis_chebyshev_d200/kernel/forward_only,forward_only,12019d89e42bc9edbadbef66e2261fea7c337a4c0b6de6891ab26a43c2e9798f,200,196,,1e-12,1e-12,ok,ok,ok,ok,,,complete,complete,2.3228671093320055e-15,2.3228671093320055e-15,195698.12280701753,192178.64661654134,1.0183135652812598,80368,80796
softwarex/random_basis_chebyshev_d200/kernel/completion_inverse,completion_inverse,12019d89e42bc9edbadbef66e2261fea7c337a4c0b6de6891ab26a43c2e9798f,200,196,,1e-12,1e-12,ok,ok,ok,ok,,,complete,complete,2.3228671093320055e-15,2.3228671093320055e-15,306358.8694444444,305651.9166666667,1.0023129342210169,80252,80820
softwarex/random_basis_chebyshev_d5/solver/full_pipeline,full_pipeline,3c1b74c5ba8970856aeab5210599d78867e900a537e2a8c4baa9aaf117379354,5,5,,1e-12,1.25e-13,ok,ok,ok,ok,,,complete,complete,3.3306692503406624e-16,3.3306692503406624e-16,13131.991485507246,13186.955839416058,0.9958319149181859,81124,81264
softwarex/random_basis_chebyshev_d5/kernel/validated_roundtrip,validated_roundtrip,3c1b74c5ba8970856aeab5210599d78867e900a537e2a8c4baa9aaf117379354,5,5,,1e-12,1e-12,ok,ok,ok,ok,,,complete,complete,3.3306692503406624e-16,3.3306692503406624e-16,11981.703642384105,12176.150902777777,0.9840304820508333,80512,81504
softwarex/random_basis_chebyshev_d5/kernel/inverse_only,inverse_only,3c1b74c5ba8970856aeab5210599d78867e900a537e2a8c4baa9aaf117379354,5,5,,1e-12,1e-12,ok,ok,ok,ok,,,complete,complete,3.3306692503406624e-16,3.3306692503406624e-16,3400.794138966553,3348.9300853918876,1.0154867531576421,80860,80808
softwarex/random_basis_chebyshev_d5/kernel/forward_only,forward_only,3c1b74c5ba8970856aeab5210599d78867e900a537e2a8c4baa9aaf117379354,5,5,,1e-12,1e-12,ok,ok,ok,ok,,,complete,complete,3.3306692503406624e-16,3.3306692503406624e-16,3130.292703862661,3114.7300444444445,1.0049964713462005,80244,81500
softwarex/random_basis_chebyshev_d5/kernel/completion_inverse,completion_inverse,3c1b74c5ba8970856aeab5210599d78867e900a537e2a8c4baa9aaf117379354,5,5,,1e-12,1e-12,ok,ok,ok,ok,,,complete,complete,3.3306692503406624e-16,3.3306692503406624e-16,8597.154637779282,8658.035394647119,0.9929682942962469,81584,81468
softwarex/random_basis_chebyshev_d50/solver/full_pipeline,full_pipeline,9d4047cd562c59a95d18e9133a81192b1e5f7fd41d773dc4e9d1fffc6e6fc6a2,50,50,,1e-12,1.25e-13,ok,ok,ok,ok,,,complete,complete,6.431582167882123e-16,6.431582167882123e-16,112100.43679653679,110579.53787878787,1.0137538910627033,80824,81120
softwarex/random_basis_chebyshev_d50/kernel/validated_roundtrip,validated_roundtrip,9d4047cd562c59a95d18e9133a81192b1e5f7fd41d773dc4e9d1fffc6e6fc6a2,50,50,,1e-12,1e-12,ok,ok,ok,ok,,,complete,complete,6.431582167882123e-16,6.431582167882123e-16,101257.8125,100961.95694444445,1.0029303666896863,81244,81428
softwarex/random_basis_chebyshev_d50/kernel/inverse_only,inverse_only,9d4047cd562c59a95d18e9133a81192b1e5f7fd41d773dc4e9d1fffc6e6fc6a2,50,50,,1e-12,1e-12,ok,ok,ok,ok,,,complete,complete,6.431582167882123e-16,6.431582167882123e-16,45988.03229166666,45392.47273662551,1.013120227190457,80984,81364
softwarex/random_basis_chebyshev_d50/kernel/forward_only,forward_only,9d4047cd562c59a95d18e9133a81192b1e5f7fd41d773dc4e9d1fffc6e6fc6a2,50,50,,1e-12,1e-12,ok,ok,ok,ok,,,complete,complete,6.431582167882123e-16,6.431582167882123e-16,37786.50329861111,37930.09078947368,0.9962144174223169,80668,81448
softwarex/random_basis_chebyshev_d50/kernel/completion_inverse,completion_inverse,9d4047cd562c59a95d18e9133a81192b1e5f7fd41d773dc4e9d1fffc6e6fc6a2,50,50,,1e-12,1e-12,ok,ok,ok,ok,,,complete,complete,6.431582167882123e-16,6.431582167882123e-16,62945.099890530924,63599.8588362069,0.9897050251736844,80392,81620
softwarex/random_basis_chebyshev_d500/solver/full_pipeline,full_pipeline,bb4488d8c3e89d6685c83636fdf3f6db8b44b77a9189ca0aee11b5c41905e7ad,500,450,,1e-12,1.25e-13,ok,ok,ok,ok,,,complete,complete,6.923258280877706e-15,6.923258280877706e-15,1309933.7430555555,1268408.763888889,1.032737852614131,80416,81380
softwarex/random_basis_chebyshev_d500/kernel/validated_roundtrip,validated_roundtrip,bb4488d8c3e89d6685c83636fdf3f6db8b44b77a9189ca0aee11b5c41905e7ad,500,450,,1e-12,1e-12,ok,ok,ok,ok,,,complete,complete,6.923258280877706e-15,6.923258280877706e-15,1182011.84375,1185070.1875,0.9974192720547196,80708,80748
softwarex/random_basis_chebyshev_d500/kernel/inverse_only,inverse_only,bb4488d8c3e89d6685c83636fdf3f6db8b44b77a9189ca0aee11b5c41905e7ad,500,450,,1e-12,1e-12,ok,ok,ok,ok,,,complete,complete,6.923258280877706e-15,6.923258280877706e-15,561989.6285714286,560786.4732142857,1.0021454785637869,79924,80764
softwarex/random_basis_chebyshev_d500/kernel/forward_only,forward_only,bb4488d8c3e89d6685c83636fdf3f6db8b44b77a9189ca0aee11b5c41905e7ad,500,450,,1e-12,1e-12,ok,ok,ok,ok,,,complete,complete,6.923258280877706e-15,6.923258280877706e-15,468944.8671875,463666.5625,1.0113838372537376,80740,81116
softwarex/random_basis_chebyshev_d500/kernel/completion_inverse,completion_inverse,bb4488d8c3e89d6685c83636fdf3f6db8b44b77a9189ca0aee11b5c41905e7ad,500,450,,1e-12,1e-12,ok,ok,ok,ok,,,complete,complete,6.923258280877706e-15,6.923258280877706e-15,710833.6087962963,712065.1833333333,0.9982704188241984,80868,81600
softwarex/random_basis_hermite_d10/solver/full_pipeline,full_pipeline,79fb5743bed62385981637adb481a1767c9ef82de39ef361d4ee134cd291e13f,10,10,,1e-12,1.25e-13,ok,ok,ok,ok,,,complete,complete,2.2272146436982283e-16,2.2272146436982283e-16,20049.87908445146,20032.473314606745,1.0008688777252495,81240,81632
softwarex/random_basis_hermite_d10/kernel/validated_roundtrip,validated_roundtrip,79fb5743bed62385981637adb481a1767c9ef82de39ef361d4ee134cd291e13f,10,10,,1e-12,1e-12,ok,ok,ok,ok,,,complete,complete,2.2272146436982283e-16,2.2272146436982283e-16,17745.012685643564,17661.57362459547,1.004724327674398,80512,81520
softwarex/random_basis_hermite_d10/kernel/inverse_only,inverse_only,79fb5743bed62385981637adb481a1767c9ef82de39ef361d4ee134cd291e13f,10,10,,1e-12,1e-12,ok,ok,ok,ok,,,complete,complete,2.2272146436982283e-16,2.2272146436982283e-16,7331.825863213811,6990.219718992248,1.0488691569012385,80800,81552
softwarex/random_basis_hermite_d10/kernel/forward_only,forward_only,79fb5743bed62385981637adb481a1767c9ef82de39ef361d4ee134cd291e13f,10,10,,1e-12,1e-12,ok,ok,ok,ok,,,complete,complete,2.2272146436982283e-16,2.2272146436982283e-16,6375.90962336892,6523.591214244016,0.9773619183015885,80448,80668
softwarex/random_basis_hermite_d10/kernel/completion_inverse,completion_inverse,79fb5743bed62385981637adb481a1767c9ef82de39ef361d4ee134cd291e13f,10,10,,1e-12,1e-12,ok,ok,ok,ok,,,complete,complete,2.2272146436982283e-16,2.2272146436982283e-16,11131.349694189601,11163.83282051282,0.9970903249049436,79980,81572
softwarex/random_basis_hermite_d100/solver/full_pipeline,full_pipeline,02463a1ef6b33baba7e000a17fda10f82442b00195b6a6974531d3d09bb1160e,100,48,,1e-12,1.25e-13,ok,ok,ok,ok,,,complete,complete,6.68574132429404e-16,6.68574132429404e-16,109781.93939393939,108991.30147058824,1.007254137831949,80580,80964
softwarex/random_basis_hermite_d100/kernel/validated_roundtrip,validated_roundtrip,02463a1ef6b33baba7e000a17fda10f82442b00195b6a6974531d3d09bb1160e,100,48,,1e-12,1e-12,ok,ok,ok,ok,,,complete,complete,6.68574132429404e-16,6.68574132429404e-16,100127.28288288288,99165.71128271127,1.0096966137562435,80616,80852
softwarex/random_basis_hermite_d100/kernel/inverse_only,inverse_only,02463a1ef6b33baba7e000a17fda10f82442b00195b6a6974531d3d09bb1160e,100,48,,1e-12,1e-12,ok,ok,ok,ok,,,complete,complete,6.68574132429404e-16,6.68574132429404e-16,44904.80284552846,44217.723577235774,1.015538549086376,80588,80380
softwarex/random_basis_hermite_d100/kernel/forward_only,forward_only,02463a1ef6b33baba7e000a17fda10f82442b00195b6a6974531d3d09bb1160e,100,48,,1e-12,1e-12,ok,ok,ok,ok,,,complete,complete,6.68574132429404e-16,6.68574132429404e-16,37066.27478134111,36222.40236523653,1.023296975379923,81008,81840
softwarex/random_basis_hermite_d100/kernel/completion_inverse,completion_inverse,02463a1ef6b33baba7e000a17fda10f82442b00195b6a6974531d3d09bb1160e,100,48,,1e-12,1e-12,ok,ok,ok,ok,,,complete,complete,6.68574132429404e-16,6.68574132429404e-16,62435.11398305085,62274.113146551725,1.0025853573557961,81108,80312
softwarex/random_basis_hermite_d20/solver/full_pipeline,full_pipeline,b93795bc05accbb16f8f7925ae1fd4ce259d60bd7ad14a58da67a4b7a13bd794,20,20,,1e-12,1.25e-13,ok,ok,ok,ok,,,complete,complete,3.3943689994637483e-16,3.3943689994637483e-16,44840.15396341463,44252.222676419966,1.013285915405735,80532,80868
softwarex/random_basis_hermite_d20/kernel/validated_roundtrip,validated_roundtrip,b93795bc05accbb16f8f7925ae1fd4ce259d60bd7ad14a58da67a4b7a13bd794,20,20,,1e-12,1e-12,ok,ok,ok,ok,,,complete,complete,3.3943689994637483e-16,3.3943689994637483e-16,40463.47907407407,40092.304945054944,1.0092579892707043,80608,80864
softwarex/random_basis_hermite_d20/kernel/inverse_only,inverse_only,b93795bc05accbb16f8f7925ae1fd4ce259d60bd7ad14a58da67a4b7a13bd794,20,20,,1e-12,1e-12,ok,ok,ok,ok,,,complete,complete,3.3943689994637483e-16,3.3943689994637483e-16,16671.067074413862,16875.118499012508,0.9879081486384474,80836,80952
softwarex/random_basis_hermite_d20/kernel/forward_only,forward_only,b93795bc05accbb16f8f7925ae1fd4ce259d60bd7ad14a58da67a4b7a13bd794,20,20,,1e-12,1e-12,ok,ok,ok,ok,,,complete,complete,3.3943689994637483e-16,3.3943689994637483e-16,14123.385590948092,13944.531609195401,1.0128261017842113,81024,81472
softwarex/random_basis_hermite_d20/kernel/completion_inverse,completion_inverse,b93795bc05accbb16f8f7925ae1fd4ce259d60bd7ad14a58da67a4b7a13bd794,20,20,,1e-12,1e-12,ok,ok,ok,ok,,,complete,complete,3.3943689994637483e-16,3.3943689994637483e-16,25724.98547619048,25946.267261904763,0.9914715367925321,80948,82104
softwarex/random_basis_hermite_d200/solver/full_pipeline,full_pipeline,18eb27116a58db6b433139a1e60b3082e70e18a18784153888d77f5d0a2e71b0,200,60,,1e-12,1.25e-13,ok,ok,ok,ok,,,complete,complete,8.683672416815765e-16,8.683672416815765e-16,122811.71666666667,123025.45833333333,0.9982626224721104,81084,81512
softwarex/random_basis_hermite_d200/kernel/validated_roundtrip,validated_roundtrip,18eb27116a58db6b433139a1e60b3082e70e18a18784153888d77f5d0a2e71b0,200,60,,1e-12,1e-12,ok,ok,ok,ok,,,complete,complete,8.683672416815765e-16,8.683672416815765e-16,111232.86287878788,109953.351010101,1.011636861059099,80892,81480
softwarex/random_basis_hermite_d200/kernel/inverse_only,inverse_only,18eb27116a58db6b433139a1e60b3082e70e18a18784153888d77f5d0a2e71b0,200,60,,1e-12,1e-12,ok,ok,ok,ok,,,complete,complete,8.683672416815765e-16,8.683672416815765e-16,49872.03978978979,49247.80945945946,1.0126752912907568,81160,81404
softwarex/random_basis_hermite_d200/kernel/forward_only,forward_only,18eb27116a58db6b433139a1e60b3082e70e18a18784153888d77f5d0a2e71b0,200,60,,1e-12,1e-12,ok,ok,ok,ok,,,complete,complete,8.683672416815765e-16,8.683672416815765e-16,42316.581499169435,41954.973169191915,1.0086189622507744,81016,81124
softwarex/random_basis_hermite_d200/kernel/completion_inverse,completion_inverse,18eb27116a58db6b433139a1e60b3082e70e18a18784153888d77f5d0a2e71b0,200,60,,1e-12,1e-12,ok,ok,ok,ok,,,complete,complete,8.683672416815765e-16,8.683672416815765e-16,67833.16851851852,68058.78960905349,0.9966849088584885,80632,81768
softwarex/random_basis_hermite_d5/solver/full_pipeline,full_pipeline,f6e3fbcc72f999501247f855e37bf29d27d1733b6ca7295ca5abed7c52afd30b,5,5,,1e-12,1.25e-13,ok,ok,ok,ok,,,complete,complete,2.099844608422219e-13,2.099844608422219e-13,13211.49844155844,13038.125816993463,1.0132973578410334,80312,81608
softwarex/random_basis_hermite_d5/kernel/validated_roundtrip,validated_roundtrip,f6e3fbcc72f999501247f855e37bf29d27d1733b6ca7295ca5abed7c52afd30b,5,5,,1e-12,1e-12,ok,ok,ok,ok,,,complete,complete,2.099844608422219e-13,2.099844608422219e-13,8414.546103395063,8409.442248062016,1.0006069196009073,81316,81588
softwarex/random_basis_hermite_d5/kernel/inverse_only,inverse_only,f6e3fbcc72f999501247f855e37bf29d27d1733b6ca7295ca5abed7c52afd30b,5,5,,1e-12,1e-12,ok,ok,ok,ok,,,complete,complete,2.099844608422219e-13,2.099844608422219e-13,3369.2941659070193,3371.0916357738647,0.9994667988707958,80084,81220
softwarex/random_basis_hermite_d5/kernel/forward_only,forward_only,f6e3fbcc72f999501247f855e37bf29d27d1733b6ca7295ca5abed7c52afd30b,5,5,,1e-12,1e-12,ok,ok,ok,ok,,,complete,complete,2.099844608422219e-13,2.099844608422219e-13,3169.470531400966,3104.416190063547,1.0209554187823273,80200,80940
softwarex/random_basis_hermite_d5/kernel/completion_inverse,completion_inverse,f6e3fbcc72f999501247f855e37bf29d27d1733b6ca7295ca5abed7c52afd30b,5,5,,1e-12,1e-12,ok,ok,ok,ok,,,complete,complete,2.099844608422219e-13,2.099844608422219e-13,5118.907043235704,5122.9446425819515,0.9992118596572981,80588,81156
softwarex/random_basis_hermite_d50/solver/full_pipeline,full_pipeline,8b9798f250b0c18f9eca473b74f5cd3cb2f7fb3dadc6b468dee4f9fe17339711,50,36,,1e-12,1.25e-13,ok,ok,ok,ok,,,complete,complete,4.452638612123849e-16,4.452638612123849e-16,93366.75213675214,91853.3140625,1.0164766844800217,80708,80680
softwarex/random_basis_hermite_d50/kernel/validated_roundtrip,validated_roundtrip,8b9798f250b0c18f9eca473b74f5cd3cb2f7fb3dadc6b468dee4f9fe17339711,50,36,,1e-12,1e-12,ok,ok,ok,ok,,,complete,complete,4.452638612123849e-16,4.452638612123849e-16,85951.48139534885,85548.09431524549,1.0047153251435021,81264,80668
softwarex/random_basis_hermite_d50/kernel/inverse_only,inverse_only,8b9798f250b0c18f9eca473b74f5cd3cb2f7fb3dadc6b468dee4f9fe17339711,50,36,,1e-12,1e-12,ok,ok,ok,ok,,,complete,complete,4.452638612123849e-16,4.452638612123849e-16,36681.64586339587,37039.509353741494,0.9903383307017408,81404,81952
softwarex/random_basis_hermite_d50/kernel/forward_only,forward_only,8b9798f250b0c18f9eca473b74f5cd3cb2f7fb3dadc6b468dee4f9fe17339711,50,36,,1e-12,1e-12,ok,ok,ok,ok,,,complete,complete,4.452638612123849e-16,4.452638612123849e-16,30626.56512605042,29973.565573770495,1.0217858482893125,79940,81384
softwarex/random_basis_hermite_d50/kernel/completion_inverse,completion_inverse,8b9798f250b0c18f9eca473b74f5cd3cb2f7fb3dadc6b468dee4f9fe17339711,50,36,,1e-12,1e-12,ok,ok,ok,ok,,,complete,complete,4.452638612123849e-16,4.452638612123849e-16,54949.29954394693,54781.792124542124,1.003057720693474,80708,81568
softwarex/random_basis_jacobi_d10/solver/full_pipeline,full_pipeline,56b7a31e9945e4ffd855d53da47afb9d4320cfaf3c6096ed84ba9489eba73fc3,10,10,,1e-12,1.25e-13,ok,ok,ok,ok,,,complete,complete,2.295164596195127e-16,2.295164596195127e-16,20183.184929404542,20097.207313864772,1.0042780877062683,80964,81360
softwarex/random_basis_jacobi_d10/kernel/validated_roundtrip,validated_roundtrip,56b7a31e9945e4ffd855d53da47afb9d4320cfaf3c6096ed84ba9489eba73fc3,10,10,,1e-12,1e-12,ok,ok,ok,ok,,,complete,complete,2.295164596195127e-16,2.295164596195127e-16,17882.17944677871,18017.623880597013,0.9924826694842842,80424,81064
softwarex/random_basis_jacobi_d10/kernel/inverse_only,inverse_only,56b7a31e9945e4ffd855d53da47afb9d4320cfaf3c6096ed84ba9489eba73fc3,10,10,,1e-12,1e-12,ok,ok,ok,ok,,,complete,complete,2.295164596195127e-16,2.295164596195127e-16,7016.414137764932,6990.0296474358975,1.0037745891877172,80072,81468
softwarex/random_basis_jacobi_d10/kernel/forward_only,forward_only,56b7a31e9945e4ffd855d53da47afb9d4320cfaf3c6096ed84ba9489eba73fc3,10,10,,1e-12,1e-12,ok,ok,ok,ok,,,complete,complete,2.295164596195127e-16,2.295164596195127e-16,6351.453256118881,6264.25321074139,1.013920261912141,79912,81636
softwarex/random_basis_jacobi_d10/kernel/completion_inverse,completion_inverse,56b7a31e9945e4ffd855d53da47afb9d4320cfaf3c6096ed84ba9489eba73fc3,10,10,,1e-12,1e-12,ok,ok,ok,ok,,,complete,complete,2.295164596195127e-16,2.295164596195127e-16,11160.99673992674,11102.237931910568,1.0052925192539142,80948,81712
softwarex/random_basis_jacobi_d20/solver/full_pipeline,full_pipeline,7f30ffce0fd2c05dddf8567a94e26cb342918595fa3d9e0c8bc96671f0ca9b88,20,20,,1e-12,1.25e-13,ok,ok,ok,ok,,,complete,complete,2.441413860953222e-16,2.441413860953222e-16,45044.14266117969,44482.67357723577,1.012622197336431,80880,80760
softwarex/random_basis_jacobi_d20/kernel/validated_roundtrip,validated_roundtrip,7f30ffce0fd2c05dddf8567a94e26cb342918595fa3d9e0c8bc96671f0ca9b88,20,20,,1e-12,1e-12,ok,ok,ok,ok,,,complete,complete,2.441413860953222e-16,2.441413860953222e-16,40566.65402621723,40276.61019536019,1.007201296967401,81248,81088
softwarex/random_basis_jacobi_d20/kernel/inverse_only,inverse_only,7f30ffce0fd2c05dddf8567a94e26cb342918595fa3d9e0c8bc96671f0ca9b88,20,20,,1e-12,1e-12,ok,ok,ok,ok,,,complete,complete,2.441413860953222e-16,2.441413860953222e-16,16878.79134366925,16843.1935483871,1.0021134825281137,81076,80464
softwarex/random_basis_jacobi_d20/kernel/forward_only,forward_only,7f30ffce0fd2c05dddf8567a94e26cb342918595fa3d9e0c8bc96671f0ca9b88,20,20,,1e-12,1e-12,ok,ok,ok,ok,,,complete,complete,2.441413860953222e-16,2.441413860953222e-16,14353.198459201389,13862.941924678616,1.0353645378583043,80136,80692
softwarex/random_basis_jacobi_d20/kernel/completion_inverse,completion_inverse,7f30ffce0fd2c05dddf8567a94e26cb342918595fa3d9e0c8bc96671f0ca9b88,20,20,,1e-12,1e-12,ok,ok,ok,ok,,,complete,complete,2.441413860953222e-16,2.441413860953222e-16,25849.351950354612,25670.348404255317,1.0069731638729773,80536,82248
softwarex/random_basis_jacobi_d5/solver/full_pipeline,full_pipeline,fa0c3c833f6338c6e953497a44eadb619f647d8820790b9e0a51826d9d4e8a11,5,5,,1e-12,1.25e-13,ok,ok,ok,ok,,,complete,complete,1.284439858633096e-13,1.284439858633096e-13,13309.322536496351,13210.132950990615,1.0075085985791155,80860,81492
softwarex/random_basis_jacobi_d5/kernel/validated_roundtrip,validated_roundtrip,fa0c3c833f6338c6e953497a44eadb619f647d8820790b9e0a51826d9d4e8a11,5,5,,1e-12,1e-12,ok,ok,ok,ok,,,complete,complete,1.284439858633096e-13,1.284439858633096e-13,8443.707198228129,8412.280136530135,1.0037358553433715,81096,81228
softwarex/random_basis_jacobi_d5/kernel/inverse_only,inverse_only,fa0c3c833f6338c6e953497a44eadb619f647d8820790b9e0a51826d9d4e8a11,5,5,,1e-12,1e-12,ok,ok,ok,ok,,,complete,complete,1.284439858633096e-13,1.284439858633096e-13,3342.338701478743,3550.779851012261,0.9412970788729424,81128,81024
softwarex/random_basis_jacobi_d5/kernel/forward_only,forward_only,fa0c3c833f6338c6e953497a44eadb619f647d8820790b9e0a51826d9d4e8a11,5,5,,1e-12,1e-12,ok,ok,ok,ok,,,complete,complete,1.284439858633096e-13,1.284439858633096e-13,3193.2681385667556,3163.6054882494814,1.0093762166071116,80528,81984
softwarex/random_basis_jacobi_d5/kernel/completion_inverse,completion_inverse,fa0c3c833f6338c6e953497a44eadb619f647d8820790b9e0a51826d9d4e8a11,5,5,,1e-12,1e-12,ok,ok,ok,ok,,,complete,complete,1.284439858633096e-13,1.284439858633096e-13,5042.896824293,5064.183844011142,0.99579655471171,80016,81124
softwarex/random_basis_jacobi_d50/solver/full_pipeline,full_pipeline,8772aa066b858aae7b587a54e84f6ebbb9d9348d1fe5469090565b41093491d0,50,50,,1e-12,1.25e-13,ok,ok,ok,ok,,,complete,complete,5.509242519973268e-16,5.509242519973268e-16,112054.078125,111361.48106060606,1.0062193593134505,80660,80376
softwarex/random_basis_jacobi_d50/kernel/validated_roundtrip,validated_roundtrip,8772aa066b858aae7b587a54e84f6ebbb9d9348d1fe5469090565b41093491d0,50,50,,1e-12,1e-12,ok,ok,ok,ok,,,complete,complete,5.509242519973268e-16,5.509242519973268e-16,101245.3125,100668.58564814815,1.0057289654775483,80648,81648
softwarex/random_basis_jacobi_d50/kernel/inverse_only,inverse_only,8772aa066b858aae7b587a54e84f6ebbb9d9348d1fe5469090565b41093491d0,50,50,,1e-12,1e-12,ok,ok,ok,ok,,,complete,complete,5.509242519973268e-16,5.509242519973268e-16,45204.295083774254,44884.644290123455,1.0071216069260716,80120,81392
softwarex/random_basis_jacobi_d50/kernel/forward_only,forward_only,8772aa066b858aae7b587a54e84f6ebbb9d9348d1fe5469090565b41093491d0,50,50,,1e-12,1e-12,ok,ok,ok,ok,,,complete,complete,5.509242519973268e-16,5.509242519973268e-16,37732.487599206346,37267.40357142857,1.0124796466404313,80316,80800
softwarex/random_basis_jacobi_d50/kernel/completion_inverse,completion_inverse,8772aa066b858aae7b587a54e84f6ebbb9d9348d1fe5469090565b41093491d0,50,50,,1e-12,1e-12,ok,ok,ok,ok,,,complete,complete,5.509242519973268e-16,5.509242519973268e-16,62777.66652542373,62921.31465517241,0.9977170195737975,81092,80644
softwarex/random_basis_laguerre_d10/solver/full_pipeline,full_pipeline,529b901328183166b6d0a0ec6ce3a782f48f31804a8fcb45545c0731d6337994,10,10,,1e-12,1.25e-13,ok,ok,ok,ok,,,complete,complete,1.1451350891455954e-16,1.1451350891455954e-16,20027.217771639043,20107.75982142857,0.9959944792207188,80452,81128
softwarex/random_basis_laguerre_d10/kernel/validated_roundtrip,validated_roundtrip,529b901328183166b6d0a0ec6ce3a782f48f31804a8fcb45545c0731d6337994,10,10,,1e-12,1e-12,ok,ok,ok,ok,,,complete,complete,1.1451350891455954e-16,1.1451350891455954e-16,17953.142446633825,17717.563929738564,1.0132963266185735,81116,81368
softwarex/random_basis_laguerre_d10/kernel/inverse_only,inverse_only,529b901328183166b6d0a0ec6ce3a782f48f31804a8fcb45545c0731d6337994,10,10,,1e-12,1e-12,ok,ok,ok,ok,,,complete,complete,1.1451350891455954e-16,1.1451350891455954e-16,7009.724710424711,7085.049097356544,0.9893685441135565,80724,81404
softwarex/random_basis_laguerre_d10/kernel/forward_only,forward_only,529b901328183166b6d0a0ec6ce3a782f48f31804a8fcb45545c0731d6337994,10,10,,1e-12,1e-12,ok,ok,ok,ok,,,complete,complete,1.1451350891455954e-16,1.1451350891455954e-16,6443.193685087204,6331.730324074075,1.0176039337287204,80864,81068
softwarex/random_basis_laguerre_d10/kernel/completion_inverse,completion_inverse,529b901328183166b6d0a0ec6ce3a782f48f31804a8fcb45545c0731d6337994,10,10,,1e-12,1e-12,ok,ok,ok,ok,,,complete,complete,1.1451350891455954e-16,1.1451350891455954e-16,11167.382307692307,11110.351080246914,1.0051331615925971,81060,81160
softwarex/random_basis_laguerre_d100/solver/full_pipeline,full_pipeline,cd436009ec06fb68509e2fa7edc51001c7044e6c36b8e4a39a665f54935cf201,100,29,,1e-12,1.25e-13,ok,ok,ok,ok,,,complete,complete,3.425381997002901e-16,3.425381997002901e-16,55845.00615384616,56028.27264957265,0.9967290354126616,81032,81164
softwarex/random_basis_laguerre_d100/kernel/validated_roundtrip,validated_roundtrip,cd436009ec06fb68509e2fa7edc51001c7044e6c36b8e4a39a665f54935cf201,100,29,,1e-12,1e-12,ok,ok,ok,ok,,,complete,complete,3.425381997002901e-16,3.425381997002901e-16,50823.09360730594,49167.5475,1.0336715209825331,79968,81908
softwarex/random_basis_laguerre_d100/kernel/inverse_only,inverse_only,cd436009ec06fb68509e2fa7edc51001c7044e6c36b8e4a39a665f54935cf201,100,29,,1e-12,1e-12,ok,ok,ok,ok,,,complete,complete,3.425381997002901e-16,3.425381997002901e-16,21555.721078431372,20962.98641618497,1.0282752967768356,80596,82012
softwarex/random_basis_laguerre_d100/kernel/forward_only,forward_only,cd436009ec06fb68509e2fa7edc51001c7044e6c36b8e4a39a665f54935cf201,100,29,,1e-12,1e-12,ok,ok,ok,ok,,,complete,complete,3.425381997002901e-16,3.425381997002901e-16,18092.0103960396,17822.785539215685,1.0151056554112452,80204,80592
softwarex/random_basis_laguerre_d100/kernel/completion_inverse,completion_inverse,cd436009ec06fb68509e2fa7edc51001c7044e6c36b8e4a39a665f54935cf201,100,29,,1e-12,1e-12,ok,ok,ok,ok,,,complete,complete,3.425381997002901e-16,3.425381997002901e-16,30506.601851851854,30273.54037037037,1.0076985208413083,80984,80880
softwarex/random_basis_laguerre_d20/solver/full_pipeline,full_pipeline,6d6fbc4b96b33f373533313d8f27266c775a6cbda8b1f225b8e50553b458edf6,20,16,,1e-12,1.25e-13,ok,ok,ok,ok,,,complete,complete,3.42926702897804e-16,3.42926702897804e-16,37227.142857142855,37051.24848484849,1.0047473264596278,80988,81340
softwarex/random_basis_laguerre_d20/kernel/validated_roundtrip,validated_roundtrip,6d6fbc4b96b33f373533313d8f27266c775a6cbda8b1f225b8e50553b458edf6,20,16,,1e-12,1e-12,ok,ok,ok,ok,,,complete,complete,3.42926702897804e-16,3.42926702897804e-16,33572.432539682544,33884.042129629626,0.9908036476653239,80996,80532
softwarex/random_basis_laguerre_d20/kernel/inverse_only,inverse_only,6d6fbc4b96b33f373533313d8f27266c775a6cbda8b1f225b8e50553b458edf6,20,16,,1e-12,1e-12,ok,ok,ok,ok,,,complete,complete,3.42926702897804e-16,3.42926702897804e-16,13092.074340527579,13062.204736211032,1.002286719961887,80788,81620
softwarex/random_basis_laguerre_d20/kernel/forward_only,forward_only,6d6fbc4b96b33f373533313d8f27266c775a6cbda8b1f225b8e50553b458edf6,20,16,,1e-12,1e-12,ok,ok,ok,ok,,,complete,complete,3.42926702897804e-16,3.42926702897804e-16,11568.837301587302,10994.810449935261,1.052208890209237,80544,81332
softwarex/random_basis_laguerre_d20/kernel/completion_inverse,completion_inverse,6d6fbc4b96b33f373533313d8f27266c775a6cbda8b1f225b8e50553b458edf6,20,16,,1e-12,1e-12,ok,ok,ok,ok,,,complete,complete,3.42926702897804e-16,3.42926702897804e-16,22183.993521341465,22197.132113821135,0.9994080950452383,81100,80888
softwarex/random_basis_laguerre_d5/solver/full_pipeline,full_pipeline,c168cf11d2e7fc3dbf6bc8254c3fedc3bdfd376589d78eba61ee6b97c551cc4d,5,5,,1e-12,1.25e-13,ok,ok,ok,ok,,,complete,complete,8.182674270850423e-17,8.182674270850423e-17,9493.466941550925,9411.091840731071,1.0087529802294921,80880,80388
softwarex/random_basis_laguerre_d5/kernel/validated_roundtrip,validated_roundtrip,c168cf11d2e7fc3dbf6bc8254c3fedc3bdfd376589d78eba61ee6b97c551cc4d,5,5,,1e-12,1e-12,ok,ok,ok,ok,,,complete,complete,8.182674270850423e-17,8.182674270850423e-17,8431.41856148492,8357.48259066358,1.008846679609472,80916,80984
softwarex/random_basis_laguerre_d5/kernel/inverse_only,inverse_only,c168cf11d2e7fc3dbf6bc8254c3fedc3bdfd376589d78eba61ee6b97c551cc4d,5,5,,1e-12,1e-12,ok,ok,ok,ok,,,complete,complete,8.182674270850423e-17,8.182674270850423e-17,3370.9332722273143,3382.6652816251153,0.9965317261919084,79968,80276
softwarex/random_basis_laguerre_d5/kernel/forward_only,forward_only,c168cf11d2e7fc3dbf6bc8254c3fedc3bdfd376589d78eba61ee6b97c551cc4d,5,5,,1e-12,1e-12,ok,ok,ok,ok,,,complete,complete,8.182674270850423e-17,8.182674270850423e-17,3230.4867554151624,3233.7148987676055,0.9990017229553312,80236,81472
softwarex/random_basis_laguerre_d5/kernel/completion_inverse,completion_inverse,c168cf11d2e7fc3dbf6bc8254c3fedc3bdfd376589d78eba61ee6b97c551cc4d,5,5,,1e-12,1e-12,ok,ok,ok,ok,,,complete,complete,8.182674270850423e-17,8.182674270850423e-17,5064.580879120879,5042.916434863237,1.004296014922609,81196,81376
softwarex/random_basis_laguerre_d50/solver/full_pipeline,full_pipeline,ef98922e59174ad557aa60c462871aa4f19de30c8d1912850e1c407ba9488b26,50,23,,1e-12,1.25e-13,ok,ok,ok,ok,,,complete,complete,3.361287326584637e-16,3.361287326584637e-16,47948.29020467836,47826.36513157895,1.0025493276096558,79976,81848
softwarex/random_basis_laguerre_d50/kernel/validated_roundtrip,validated_roundtrip,ef98922e59174ad557aa60c462871aa4f19de30c8d1912850e1c407ba9488b26,50,23,,1e-12,1e-12,ok,ok,ok,ok,,,complete,complete,3.361287326584637e-16,3.361287326584637e-16,43891.26524390244,43565.04226190476,1.0074881823834,80284,80928
softwarex/random_basis_laguerre_d50/kernel/inverse_only,inverse_only,ef98922e59174ad557aa60c462871aa4f19de30c8d1912850e1c407ba9488b26,50,23,,1e-12,1e-12,ok,ok,ok,ok,,,complete,complete,3.361287326584637e-16,3.361287326584637e-16,18663.802835051545,18477.034467713784,1.010108135462112,80296,80960
softwarex/random_basis_laguerre_d50/kernel/forward_only,forward_only,ef98922e59174ad557aa60c462871aa4f19de30c8d1912850e1c407ba9488b26,50,23,,1e-12,1e-12,ok,ok,ok,ok,,,complete,complete,3.361287326584637e-16,3.361287326584637e-16,15603.786817528737,15810.037082066869,0.9869544730687521,81120,80340
softwarex/random_basis_laguerre_d50/kernel/completion_inverse,completion_inverse,ef98922e59174ad557aa60c462871aa4f19de30c8d1912850e1c407ba9488b26,50,23,,1e-12,1e-12,ok,ok,ok,ok,,,complete,complete,3.361287326584637e-16,3.361287326584637e-16,27392.806902985074,27545.338345864664,0.994462531519331,80208,80528
softwarex/random_basis_laurent_d10/solver/full_pipeline,full_pipeline,3fd7274d1a0afa20fe2a903ededaff0841eda551bfa040dde1038e09404685d2,10,10,,1e-12,1.25e-13,ok,ok,ok,ok,,,complete,complete,4.441103851688971e-16,4.441103851688971e-16,27403.448621553885,27310.64500537057,1.0033980748592743,80092,81100
softwarex/random_basis_laurent_d10/kernel/validated_roundtrip,validated_roundtrip,3fd7274d1a0afa20fe2a903ededaff0841eda551bfa040dde1038e09404685d2,10,10,,1e-12,1e-12,ok,ok,ok,ok,,,complete,complete,4.441103851688971e-16,4.441103851688971e-16,25347.917832167834,25103.072916666668,1.0097535834084521,80964,81712
softwarex/random_basis_laurent_d10/kernel/inverse_only,inverse_only,3fd7274d1a0afa20fe2a903ededaff0841eda551bfa040dde1038e09404685d2,10,10,,1e-12,1e-12,ok,ok,ok,ok,,,complete,complete,4.441103851688971e-16,4.441103851688971e-16,7027.3959544573645,7083.428294573643,0.9920896580319444,79996,80992
softwarex/random_basis_laurent_d10/kernel/forward_only,forward_only,3fd7274d1a0afa20fe2a903ededaff0841eda551bfa040dde1038e09404685d2,10,10,,1e-12,1e-12,ok,ok,ok,ok,,,complete,complete,4.441103851688971e-16,4.441103851688971e-16,6455.595526315789,6331.193492618493,1.019649065194791,80624,80444
softwarex/random_basis_laurent_d10/kernel/completion_inverse,completion_inverse,3fd7274d1a0afa20fe2a903ededaff0841eda551bfa040dde1038e09404685d2,10,10,,1e-12,1e-12,ok,ok,ok,ok,,,complete,complete,4.441103851688971e-16,4.441103851688971e-16,18544.26262626263,18549.417091836734,0.9997221225039803,80944,81620
softwarex/random_basis_laurent_d100/solver/full_pipeline,full_pipeline,3e7dfc3fc0fe9621c2b100eb7ee574f54dcab812ad869fddde727700e406dfae,100,100,,1e-12,1.25e-13,ok,ok,ok,ok,,,complete,complete,1.685174163664745e-15,1.685174163664745e-15,29513003.0,29408121.5,1.003566412767983,81544,81700
softwarex/random_basis_laurent_d100/kernel/validated_roundtrip,validated_roundtrip,3e7dfc3fc0fe9621c2b100eb7ee574f54dcab812ad869fddde727700e406dfae,100,100,,1e-12,1e-12,ok,ok,ok,ok,,,complete,complete,1.685174163664745e-15,1.685174163664745e-15,291942.66346153844,289202.36378205125,1.0094753709604958,80916,80264
softwarex/random_basis_laurent_d100/kernel/inverse_only,inverse_only,3e7dfc3fc0fe9621c2b100eb7ee574f54dcab812ad869fddde727700e406dfae,100,100,,1e-12,1e-12,ok,ok,ok,ok,,,complete,complete,1.685174163664745e-15,1.685174163664745e-15,103755.82959183672,103496.36309523809,1.0025070107667442,81160,81408
softwarex/random_basis_laurent_d100/kernel/forward_only,forward_only,3e7dfc3fc0fe9621c2b100eb7ee574f54dcab812ad869fddde727700e406dfae,100,100,,1e-12,1e-12,ok,ok,ok,ok,,,complete,complete,1.685174163664745e-15,1.685174163664745e-15,86980.50340136053,85540.52906976745,1.0168338254071194,80556,80892
softwarex/random_basis_laurent_d100/kernel/completion_inverse,completion_inverse,3e7dfc3fc0fe9621c2b100eb7ee574f54dcab812ad869fddde727700e406dfae,100,100,,1e-12,1e-12,ok,ok,ok,ok,,,complete,complete,1.685174163664745e-15,1.685174163664745e-15,202034.9895833333,201788.96913580247,1.00121919671122,80984,81124
softwarex/random_basis_laurent_d1000/solver/full_pipeline,full_pipeline,ceae9c812459bd9bbab9a659c4cee79cda9ee84e1bab1168f1feb1f72f5bebb7,1000,1000,,1e-12,1.25e-13,ok,ok,ok,ok,,,complete,complete,1.4019684218276902e-14,1.4019684218276902e-14,1218883765.0,1217444362.5,1.0011823148098893,80724,80852
softwarex/random_basis_laurent_d1000/kernel/validated_roundtrip,validated_roundtrip,ceae9c812459bd9bbab9a659c4cee79cda9ee84e1bab1168f1feb1f72f5bebb7,1000,1000,,1e-12,1e-12,ok,ok,ok,ok,,,complete,complete,1.4019684218276902e-14,1.4019684218276902e-14,3282321.6875,3286154.5,0.9988336481136234,81076,80972
softwarex/random_basis_laurent_d1000/kernel/inverse_only,inverse_only,ceae9c812459bd9bbab9a659c4cee79cda9ee84e1bab1168f1feb1f72f5bebb7,1000,1000,,1e-12,1e-12,ok,ok,ok,ok,,,complete,complete,1.4019684218276902e-14,1.4019684218276902e-14,1310581.9166666667,1307381.369047619,1.0024480596823704,80492,81284
softwarex/random_basis_laurent_d1000/kernel/forward_only,forward_only,ceae9c812459bd9bbab9a659c4cee79cda9ee84e1bab1168f1feb1f72f5bebb7,1000,1000,,1e-12,1e-12,ok,ok,ok,ok,,,complete,complete,1.4019684218276902e-14,1.4019684218276902e-14,1088750.625,1094745.8229166665,0.9945236622134863,81004,81536
softwarex/random_basis_laurent_d1000/kernel/completion_inverse,completion_inverse,ceae9c812459bd9bbab9a659c4cee79cda9ee84e1bab1168f1feb1f72f5bebb7,1000,1000,,1e-12,1e-12,ok,ok,ok,ok,,,complete,complete,1.4019684218276902e-14,1.4019684218276902e-14,2171841.125,2195004.583333333,0.9894471936372192,80176,81104
softwarex/random_basis_laurent_d10000/solver/full_pipeline,full_pipeline,579b4ebd189c327cfc38ce2421f185e25a338ae112a94fa1e60bb9edb7dec7f7,10000,10000,,1e-12,1.25e-13,accuracy_failure,accuracy_failure,accuracy_failure,accuracy_failure,"Error: NotEstablished { stage: ""binary64 reconstruction"", bound: 1.1876562208791068e-12, tolerance: 1e-12 }","Error: NotEstablished { stage: ""binary64 reconstruction"", bound: 1.1876562208791068e-12, tolerance: 1e-12 }",preflight,preflight,,,,,,80788,81380
softwarex/random_basis_laurent_d10000/kernel/validated_roundtrip,validated_roundtrip,579b4ebd189c327cfc38ce2421f185e25a338ae112a94fa1e60bb9edb7dec7f7,10000,10000,,1e-12,1e-12,ok,ok,ok,ok,,,complete,complete,1.4854512641065997e-13,1.4854512641065997e-13,70209592.5,69994730.5,1.0030696882246015,81160,81208
softwarex/random_basis_laurent_d10000/kernel/inverse_only,inverse_only,579b4ebd189c327cfc38ce2421f185e25a338ae112a94fa1e60bb9edb7dec7f7,10000,10000,,1e-12,1e-12,ok,ok,ok,ok,,,complete,complete,1.4854512641065997e-13,1.4854512641065997e-13,28746026.0,28895932.5,0.9948121937231131,80492,80396
softwarex/random_basis_laurent_d10000/kernel/forward_only,forward_only,579b4ebd189c327cfc38ce2421f185e25a338ae112a94fa1e60bb9edb7dec7f7,10000,10000,,1e-12,1e-12,ok,ok,ok,ok,,,complete,complete,1.4854512641065997e-13,1.4854512641065997e-13,23184950.0,23049085.0,1.0058945940804158,80852,81496
softwarex/random_basis_laurent_d10000/kernel/completion_inverse,completion_inverse,579b4ebd189c327cfc38ce2421f185e25a338ae112a94fa1e60bb9edb7dec7f7,10000,10000,,1e-12,1e-12,ok,ok,ok,ok,,,complete,complete,1.4854512641065997e-13,1.4854512641065997e-13,46361151.5,46477882.0,0.9974884720435411,80512,80696
softwarex/random_basis_laurent_d20/solver/full_pipeline,full_pipeline,5bec6b3445aaa3c8a136ea099014d6c86f9731cb76cc1fd1f43d774fc09b20e2,20,20,,1e-12,1.25e-13,ok,ok,ok,ok,,,complete,complete,3.819575817215109e-16,3.819575817215109e-16,2360901.6285714284,2357937.90625,1.0012569127938324,80448,80632
softwarex/random_basis_laurent_d20/kernel/validated_roundtrip,validated_roundtrip,5bec6b3445aaa3c8a136ea099014d6c86f9731cb76cc1fd1f43d774fc09b20e2,20,20,,1e-12,1e-12,ok,ok,ok,ok,,,complete,complete,3.819575817215109e-16,3.819575817215109e-16,55152.254689754685,55158.69545454545,0.9998832321044273,81084,81136
softwarex/random_basis_laurent_d20/kernel/inverse_only,inverse_only,5bec6b3445aaa3c8a136ea099014d6c86f9731cb76cc1fd1f43d774fc09b20e2,20,20,,1e-12,1e-12,ok,ok,ok,ok,,,complete,complete,3.819575817215109e-16,3.819575817215109e-16,16819.38556067588,16865.531075340936,0.997263915707195,80620,81920
softwarex/random_basis_laurent_d20/kernel/forward_only,forward_only,5bec6b3445aaa3c8a136ea099014d6c86f9731cb76cc1fd1f43d774fc09b20e2,20,20,,1e-12,1e-12,ok,ok,ok,ok,,,complete,complete,3.819575817215109e-16,3.819575817215109e-16,14049.673503861004,13860.216346153846,1.0136691342310635,80404,81744
softwarex/random_basis_laurent_d20/kernel/completion_inverse,completion_inverse,5bec6b3445aaa3c8a136ea099014d6c86f9731cb76cc1fd1f43d774fc09b20e2,20,20,,1e-12,1e-12,ok,ok,ok,ok,,,complete,complete,3.819575817215109e-16,3.819575817215109e-16,40868.1875,41205.83877840909,0.9918057418943742,81568,80536
softwarex/random_basis_laurent_d200/solver/full_pipeline,full_pipeline,03029456f0751f51d88196d6dcf636b6d5a9bb1899f661a017df3877a3dcae66,200,200,,1e-12,1.25e-13,ok,ok,ok,ok,,,complete,complete,1.8914393867009738e-15,1.8914393867009738e-15,59774276.5,59399243.5,1.0063137672788711,79816,81524
softwarex/random_basis_laurent_d200/kernel/validated_roundtrip,validated_roundtrip,03029456f0751f51d88196d6dcf636b6d5a9bb1899f661a017df3877a3dcae66,200,200,,1e-12,1e-12,ok,ok,ok,ok,,,complete,complete,1.8914393867009738e-15,1.8914393867009738e-15,656919.2288359788,635303.9404761905,1.0340235389435593,80920,81396
softwarex/random_basis_laurent_d200/kernel/inverse_only,inverse_only,03029456f0751f51d88196d6dcf636b6d5a9bb1899f661a017df3877a3dcae66,200,200,,1e-12,1e-12,ok,ok,ok,ok,,,complete,complete,1.8914393867009738e-15,1.8914393867009738e-15,233263.3125,233901.03125,0.9972735530639094,80824,80296
softwarex/random_basis_laurent_d200/kernel/forward_only,forward_only,03029456f0751f51d88196d6dcf636b6d5a9bb1899f661a017df3877a3dcae66,200,200,,1e-12,1e-12,ok,ok,ok,ok,,,complete,complete,1.8914393867009738e-15,1.8914393867009738e-15,196270.78289473685,194633.07894736843,1.0084143145462507,81436,81512
softwarex/random_basis_laurent_d200/kernel/completion_inverse,completion_inverse,03029456f0751f51d88196d6dcf636b6d5a9bb1899f661a017df3877a3dcae66,200,200,,1e-12,1e-12,ok,ok,ok,ok,,,complete,complete,1.8914393867009738e-15,1.8914393867009738e-15,441156.3597222222,437231.21527777775,1.0089772740538454,80976,80576
softwarex/random_basis_laurent_d2000/solver/full_pipeline,full_pipeline,64ad490741b2466e73a576747771b732a60d61347f4642d519f06b76b545162b,2000,2000,,1e-12,1.25e-13,ok,ok,ok,ok,,,complete,complete,2.6346865414632208e-14,2.6346865414632208e-14,2459179140.0,2454388886.5,1.0019517092529013,80208,80676
softwarex/random_basis_laurent_d2000/kernel/validated_roundtrip,validated_roundtrip,64ad490741b2466e73a576747771b732a60d61347f4642d519f06b76b545162b,2000,2000,,1e-12,1e-12,ok,ok,ok,ok,,,complete,complete,2.6346865414632208e-14,2.6346865414632208e-14,7308053.333333333,7319998.333333333,0.9983681690273609,81408,81256
softwarex/random_basis_laurent_d2000/kernel/inverse_only,inverse_only,64ad490741b2466e73a576747771b732a60d61347f4642d519f06b76b545162b,2000,2000,,1e-12,1e-12,ok,ok,ok,ok,,,complete,complete,2.6346865414632208e-14,2.6346865414632208e-14,2912690.597222222,2928613.25,0.9945630742544178,81112,81868
softwarex/random_basis_laurent_d2000/kernel/forward_only,forward_only,64ad490741b2466e73a576747771b732a60d61347f4642d519f06b76b545162b,2000,2000,,1e-12,1e-12,ok,ok,ok,ok,,,complete,complete,2.6346865414632208e-14,2.6346865414632208e-14,2438576.9404761903,2428730.666666667,1.0040540822186088,80680,80952
softwarex/random_basis_laurent_d2000/kernel/completion_inverse,completion_inverse,64ad490741b2466e73a576747771b732a60d61347f4642d519f06b76b545162b,2000,2000,,1e-12,1e-12,ok,ok,ok,ok,,,complete,complete,2.6346865414632208e-14,2.6346865414632208e-14,4817796.475,4806790.0,1.0022897765452619,81044,80784
softwarex/random_basis_laurent_d20000/solver/full_pipeline,full_pipeline,e838076b600ab80e1489b28c5f2de09a4398e2354d6913b973587eaaacbb898e,20000,20000,,1e-10,1.25e-11,native_error,native_error,numerical_admission_not_established,numerical_admission_not_established,Error: Contractivity { upper: 1.1229900170606646 },Error: Contractivity { upper: 1.1229900170606646 },preflight,preflight,,,,,,81744,81592
softwarex/random_basis_laurent_d20000/kernel/validated_roundtrip,validated_roundtrip,e838076b600ab80e1489b28c5f2de09a4398e2354d6913b973587eaaacbb898e,20000,20000,,1e-10,1e-10,ok,ok,ok,ok,,,complete,complete,2.8608952194557255e-13,2.8608952194557255e-13,128418564.0,128003990.0,1.0032387584168274,80160,81540
softwarex/random_basis_laurent_d20000/kernel/inverse_only,inverse_only,e838076b600ab80e1489b28c5f2de09a4398e2354d6913b973587eaaacbb898e,20000,20000,,1e-10,1e-10,ok,ok,ok,ok,,,complete,complete,2.8608952194557255e-13,2.8608952194557255e-13,63738752.0,63948759.0,0.996716011330259,80228,81732
softwarex/random_basis_laurent_d20000/kernel/forward_only,forward_only,e838076b600ab80e1489b28c5f2de09a4398e2354d6913b973587eaaacbb898e,20000,20000,,1e-10,1e-10,ok,ok,ok,ok,,,complete,complete,2.8608952194557255e-13,2.8608952194557255e-13,51835046.0,51370582.0,1.009041439320271,80468,81176
softwarex/random_basis_laurent_d20000/kernel/completion_inverse,completion_inverse,e838076b600ab80e1489b28c5f2de09a4398e2354d6913b973587eaaacbb898e,20000,20000,,1e-10,1e-10,ok,ok,ok,ok,,,complete,complete,2.8608952194557255e-13,2.8608952194557255e-13,76189383.5,76566058.0,0.9950803984188399,81008,81212
softwarex/random_basis_laurent_d5/solver/full_pipeline,full_pipeline,45353b7a54a98cb81009cb0beff02f7cf419f597aaa6c8ebd0e3affd37e31dd2,5,5,,1e-12,1.25e-13,ok,ok,ok,ok,,,complete,complete,8.239136094711583e-14,8.239136094711583e-14,13124.598375451264,13033.251515151514,1.0070087545071587,80252,81180
softwarex/random_basis_laurent_d5/kernel/validated_roundtrip,validated_roundtrip,45353b7a54a98cb81009cb0beff02f7cf419f597aaa6c8ebd0e3affd37e31dd2,5,5,,1e-12,1e-12,ok,ok,ok,ok,,,complete,complete,8.239136094711583e-14,8.239136094711583e-14,8336.553995621238,8435.859761629825,0.988228139298821,80916,80656
softwarex/random_basis_laurent_d5/kernel/inverse_only,inverse_only,45353b7a54a98cb81009cb0beff02f7cf419f597aaa6c8ebd0e3affd37e31dd2,5,5,,1e-12,1e-12,ok,ok,ok,ok,,,complete,complete,8.239136094711583e-14,8.239136094711583e-14,3363.608089579525,3310.1588604116705,1.0161470284121672,81312,81308
softwarex/random_basis_laurent_d5/kernel/forward_only,forward_only,45353b7a54a98cb81009cb0beff02f7cf419f597aaa6c8ebd0e3affd37e31dd2,5,5,,1e-12,1e-12,ok,ok,ok,ok,,,complete,complete,8.239136094711583e-14,8.239136094711583e-14,3145.675790229885,3094.182894736842,1.0166418396212555,80996,80660
softwarex/random_basis_laurent_d5/kernel/completion_inverse,completion_inverse,45353b7a54a98cb81009cb0beff02f7cf419f597aaa6c8ebd0e3affd37e31dd2,5,5,,1e-12,1e-12,ok,ok,ok,ok,,,complete,complete,8.239136094711583e-14,8.239136094711583e-14,5025.486484159779,5097.367680958967,0.9858983692568034,80328,80600
softwarex/random_basis_laurent_d50/solver/full_pipeline,full_pipeline,955d7de9b9266f7211a5e07b75370ea279ecb89326f92a378cd58811171fc285,50,50,,1e-12,1.25e-13,ok,ok,ok,ok,,,complete,complete,6.65920125262608e-16,6.65920125262608e-16,14463016.25,14460001.5,1.0002084889133656,81120,81116
softwarex/random_basis_laurent_d50/kernel/validated_roundtrip,validated_roundtrip,955d7de9b9266f7211a5e07b75370ea279ecb89326f92a378cd58811171fc285,50,50,,1e-12,1e-12,ok,ok,ok,ok,,,complete,complete,6.65920125262608e-16,6.65920125262608e-16,131650.63095238095,131438.54330357144,1.00161358794368,80920,81244
softwarex/random_basis_laurent_d50/kernel/inverse_only,inverse_only,955d7de9b9266f7211a5e07b75370ea279ecb89326f92a378cd58811171fc285,50,50,,1e-12,1e-12,ok,ok,ok,ok,,,complete,complete,6.65920125262608e-16,6.65920125262608e-16,44990.199588477364,45086.90946502058,0.9978550342507231,80732,81180
softwarex/random_basis_laurent_d50/kernel/forward_only,forward_only,955d7de9b9266f7211a5e07b75370ea279ecb89326f92a378cd58811171fc285,50,50,,1e-12,1e-12,ok,ok,ok,ok,,,complete,complete,6.65920125262608e-16,6.65920125262608e-16,37891.49475218659,37367.03852040816,1.0140352634981227,80708,80744
softwarex/random_basis_laurent_d50/kernel/completion_inverse,completion_inverse,955d7de9b9266f7211a5e07b75370ea279ecb89326f92a378cd58811171fc285,50,50,,1e-12,1e-12,ok,ok,ok,ok,,,complete,complete,6.65920125262608e-16,6.65920125262608e-16,94582.15705128206,94802.51851851851,0.997675573701205,80608,81424
softwarex/random_basis_laurent_d500/solver/full_pipeline,full_pipeline,4cfbe3f9d4f557e770fcb27a891da040c7727b9f590dbda7ea860ef83faf7f93,500,500,,1e-12,1.25e-13,ok,ok,ok,ok,,,complete,complete,4.6230776084645176e-15,4.6230776084645176e-15,281079814.0,280530964.0,1.0019564685201738,80720,80968
softwarex/random_basis_laurent_d500/kernel/validated_roundtrip,validated_roundtrip,4cfbe3f9d4f557e770fcb27a891da040c7727b9f590dbda7ea860ef83faf7f93,500,500,,1e-12,1e-12,ok,ok,ok,ok,,,complete,complete,4.6230776084645176e-15,4.6230776084645176e-15,1500826.722222222,1501311.488095238,0.9996771050665634,81076,81716
softwarex/random_basis_laurent_d500/kernel/inverse_only,inverse_only,4cfbe3f9d4f557e770fcb27a891da040c7727b9f590dbda7ea860ef83faf7f93,500,500,,1e-12,1e-12,ok,ok,ok,ok,,,complete,complete,4.6230776084645176e-15,4.6230776084645176e-15,578945.1959183674,584353.2142857143,0.9907452919995359,80520,81076
softwarex/random_basis_laurent_d500/kernel/forward_only,forward_only,4cfbe3f9d4f557e770fcb27a891da040c7727b9f590dbda7ea860ef83faf7f93,500,500,,1e-12,1e-12,ok,ok,ok,ok,,,complete,complete,4.6230776084645176e-15,4.6230776084645176e-15,493385.93125,492915.50347222225,1.00095437813269,80764,80968
softwarex/random_basis_laurent_d500/kernel/completion_inverse,completion_inverse,4cfbe3f9d4f557e770fcb27a891da040c7727b9f590dbda7ea860ef83faf7f93,500,500,,1e-12,1e-12,ok,ok,ok,ok,,,complete,complete,4.6230776084645176e-15,4.6230776084645176e-15,1005211.71875,1005132.7083333333,1.0000786069501189,80952,80664
softwarex/random_basis_laurent_d5000/solver/full_pipeline,full_pipeline,35bfd8d516a1fdae0adb345a724c87c91543b9707a2029edb5e259191dee8c62,5000,5000,,1e-12,1.25e-13,ok,ok,ok,ok,,,complete,complete,8.714906909018952e-14,8.714906909018952e-14,9978169183.0,9944491094.0,1.0033866075882274,81256,81612
softwarex/random_basis_laurent_d5000/kernel/validated_roundtrip,validated_roundtrip,35bfd8d516a1fdae0adb345a724c87c91543b9707a2029edb5e259191dee8c62,5000,5000,,1e-12,1e-12,ok,ok,ok,ok,,,complete,complete,8.714906909018952e-14,8.714906909018952e-14,31863596.5,31943502.0,0.9974985366350878,81144,81644
softwarex/random_basis_laurent_d5000/kernel/inverse_only,inverse_only,35bfd8d516a1fdae0adb345a724c87c91543b9707a2029edb5e259191dee8c62,5000,5000,,1e-12,1e-12,ok,ok,ok,ok,,,complete,complete,8.714906909018952e-14,8.714906909018952e-14,12595612.75,12903298.5,0.9761544887146492,81340,81004
softwarex/random_basis_laurent_d5000/kernel/forward_only,forward_only,35bfd8d516a1fdae0adb345a724c87c91543b9707a2029edb5e259191dee8c62,5000,5000,,1e-12,1e-12,ok,ok,ok,ok,,,complete,complete,8.714906909018952e-14,8.714906909018952e-14,10585815.75,10393259.0,1.0185270808703988,80148,80572
softwarex/random_basis_laurent_d5000/kernel/completion_inverse,completion_inverse,35bfd8d516a1fdae0adb345a724c87c91543b9707a2029edb5e259191dee8c62,5000,5000,,1e-12,1e-12,ok,ok,ok,ok,,,complete,complete,8.714906909018952e-14,8.714906909018952e-14,21379634.0,21430094.0,0.9976453673045018,81208,80640
softwarex/random_basis_monomial_d10/solver/full_pipeline,full_pipeline,7a1213c3e8f6504027f52b5758d175a351b5c85148dd64e7177036e1f777750c,10,10,,1e-12,1.25e-13,ok,ok,ok,ok,,,complete,complete,2.2269610274732565e-16,2.2269610274732565e-16,27282.33792815372,27046.826958955222,1.00870752674818,81000,81664
softwarex/random_basis_monomial_d10/kernel/validated_roundtrip,validated_roundtrip,7a1213c3e8f6504027f52b5758d175a351b5c85148dd64e7177036e1f777750c,10,10,,1e-12,1e-12,ok,ok,ok,ok,,,complete,complete,2.2269610274732565e-16,2.2269610274732565e-16,24859.832175925927,25204.71379310345,0.9863167810589506,80236,80636
softwarex/random_basis_monomial_d10/kernel/inverse_only,inverse_only,7a1213c3e8f6504027f52b5758d175a351b5c85148dd64e7177036e1f777750c,10,10,,1e-12,1e-12,ok,ok,ok,ok,,,complete,complete,2.2269610274732565e-16,2.2269610274732565e-16,7091.791910331383,7143.416932270917,0.992773063307237,80768,80796
softwarex/random_basis_monomial_d10/kernel/forward_only,forward_only,7a1213c3e8f6504027f52b5758d175a351b5c85148dd64e7177036e1f777750c,10,10,,1e-12,1e-12,ok,ok,ok,ok,,,complete,complete,2.2269610274732565e-16,2.2269610274732565e-16,6399.252318904593,6337.498785936286,1.0097441490806036,80216,81340
softwarex/random_basis_monomial_d10/kernel/completion_inverse,completion_inverse,7a1213c3e8f6504027f52b5758d175a351b5c85148dd64e7177036e1f777750c,10,10,,1e-12,1e-12,ok,ok,ok,ok,,,complete,complete,2.2269610274732565e-16,2.2269610274732565e-16,18324.456755050505,18525.624684343435,0.9891410987364468,80528,81164
softwarex/random_basis_monomial_d100/solver/full_pipeline,full_pipeline,cb355c298479ebb02c63808f6e85dcf52852858b7a3437f2a77e80ace601c7f3,100,100,,1e-12,1.25e-13,ok,ok,ok,ok,,,complete,complete,1.3291914318832549e-15,1.3291914318832549e-15,29391593.0,29346336.0,1.0015421686714143,80720,81056
softwarex/random_basis_monomial_d100/kernel/validated_roundtrip,validated_roundtrip,cb355c298479ebb02c63808f6e85dcf52852858b7a3437f2a77e80ace601c7f3,100,100,,1e-12,1e-12,ok,ok,ok,ok,,,complete,complete,1.3291914318832549e-15,1.3291914318832549e-15,291130.76923076925,288471.8263888889,1.0092173397838022,81472,81096
softwarex/random_basis_monomial_d100/kernel/inverse_only,inverse_only,cb355c298479ebb02c63808f6e85dcf52852858b7a3437f2a77e80ace601c7f3,100,100,,1e-12,1e-12,ok,ok,ok,ok,,,complete,complete,1.3291914318832549e-15,1.3291914318832549e-15,102439.24940476191,102706.23090277778,0.9974005326096661,80892,80436
softwarex/random_basis_monomial_d100/kernel/forward_only,forward_only,cb355c298479ebb02c63808f6e85dcf52852858b7a3437f2a77e80ace601c7f3,100,100,,1e-12,1e-12,ok,ok,ok,ok,,,complete,complete,1.3291914318832549e-15,1.3291914318832549e-15,86157.78239202658,85940.99870801033,1.002522471082199,80600,81644
softwarex/random_basis_monomial_d100/kernel/completion_inverse,completion_inverse,cb355c298479ebb02c63808f6e85dcf52852858b7a3437f2a77e80ace601c7f3,100,100,,1e-12,1e-12,ok,ok,ok,ok,,,complete,complete,1.3291914318832549e-15,1.3291914318832549e-15,202531.89236111112,201125.04563492065,1.0069948858022593,80840,81292
softwarex/random_basis_monomial_d1000/solver/full_pipeline,full_pipeline,5ce7f0a1705a0534b1297c5aa188303de5fa4b6eace795f56fa1e30ea8ebbb1c,1000,1000,,1e-12,1.25e-13,ok,ok,ok,ok,,,complete,complete,1.1071787679416223e-14,1.1071787679416223e-14,1217140233.0,1213501462.0,1.0029985715830971,80968,81100
softwarex/random_basis_monomial_d1000/kernel/validated_roundtrip,validated_roundtrip,5ce7f0a1705a0534b1297c5aa188303de5fa4b6eace795f56fa1e30ea8ebbb1c,1000,1000,,1e-12,1e-12,ok,ok,ok,ok,,,complete,complete,1.1071787679416223e-14,1.1071787679416223e-14,3306043.3125,3295728.85,1.0031296453590228,80504,80984
softwarex/random_basis_monomial_d1000/kernel/inverse_only,inverse_only,5ce7f0a1705a0534b1297c5aa188303de5fa4b6eace795f56fa1e30ea8ebbb1c,1000,1000,,1e-12,1e-12,ok,ok,ok,ok,,,complete,complete,1.1071787679416223e-14,1.1071787679416223e-14,1303862.888888889,1313153.0208333335,0.9929253241647733,79760,81252
softwarex/random_basis_monomial_d1000/kernel/forward_only,forward_only,5ce7f0a1705a0534b1297c5aa188303de5fa4b6eace795f56fa1e30ea8ebbb1c,1000,1000,,1e-12,1e-12,ok,ok,ok,ok,,,complete,complete,1.1071787679416223e-14,1.1071787679416223e-14,1084837.8370535714,1082553.5732142855,1.002110070019448,81280,81944
softwarex/random_basis_monomial_d1000/kernel/completion_inverse,completion_inverse,5ce7f0a1705a0534b1297c5aa188303de5fa4b6eace795f56fa1e30ea8ebbb1c,1000,1000,,1e-12,1e-12,ok,ok,ok,ok,,,complete,complete,1.1071787679416223e-14,1.1071787679416223e-14,2193304.84375,2195420.1726190476,0.9990364810821046,81104,80892
softwarex/random_basis_monomial_d10000/solver/full_pipeline,full_pipeline,0d6c9420f8a0a99f400401d9c2ae8b76c4fee9cb27a66ba7bf0df193b36b0e81,10000,10000,,1e-12,1.25e-13,accuracy_failure,accuracy_failure,accuracy_failure,accuracy_failure,"Error: NotEstablished { stage: ""binary64 reconstruction"", bound: 1.1102866215059095e-12, tolerance: 1e-12 }","Error: NotEstablished { stage: ""binary64 reconstruction"", bound: 1.1102866215059095e-12, tolerance: 1e-12 }",preflight,preflight,,,,,,81480,81156
softwarex/random_basis_monomial_d10000/kernel/validated_roundtrip,validated_roundtrip,0d6c9420f8a0a99f400401d9c2ae8b76c4fee9cb27a66ba7bf0df193b36b0e81,10000,10000,,1e-12,1e-12,ok,ok,ok,ok,,,complete,complete,1.4441614975493535e-13,1.4441614975493535e-13,70128840.0,69390822.5,1.0106356643920744,80548,81156
softwarex/random_basis_monomial_d10000/kernel/inverse_only,inverse_only,0d6c9420f8a0a99f400401d9c2ae8b76c4fee9cb27a66ba7bf0df193b36b0e81,10000,10000,,1e-12,1e-12,ok,ok,ok,ok,,,complete,complete,1.4441614975493535e-13,1.4441614975493535e-13,28734591.0,28914452.0,0.9937795466433187,80196,81384
softwarex/random_basis_monomial_d10000/kernel/forward_only,forward_only,0d6c9420f8a0a99f400401d9c2ae8b76c4fee9cb27a66ba7bf0df193b36b0e81,10000,10000,,1e-12,1e-12,ok,ok,ok,ok,,,complete,complete,1.4441614975493535e-13,1.4441614975493535e-13,23198832.0,22994900.0,1.0088685752058064,80556,80272
softwarex/random_basis_monomial_d10000/kernel/completion_inverse,completion_inverse,0d6c9420f8a0a99f400401d9c2ae8b76c4fee9cb27a66ba7bf0df193b36b0e81,10000,10000,,1e-12,1e-12,ok,ok,ok,ok,,,complete,complete,1.4441614975493535e-13,1.4441614975493535e-13,46430898.5,46581775.0,0.9967610401278182,81332,81608
softwarex/random_basis_monomial_d100000/solver/full_pipeline,full_pipeline,b997f677d30dc686249e419726436a055255a36a79301d2259afe8e4a573f5d1,100000,100000,,1e-10,1.25e-11,preparation_failure,preparation_failure,resource_limit,resource_limit,"Error: Numerics(Budget { resource: ""bytes"", requested: 536870912, limit: 518493680 })","Error: Numerics(Budget { resource: ""bytes"", requested: 536870912, limit: 518493680 })",preparation,preparation,,,,,,98732,99004
softwarex/random_basis_monomial_d100000/kernel/validated_roundtrip,validated_roundtrip,b997f677d30dc686249e419726436a055255a36a79301d2259afe8e4a573f5d1,100000,100000,,1e-10,1e-10,preparation_failure,preparation_failure,resource_limit,resource_limit,"Error: Numerics(Budget { resource: ""bytes"", requested: 536870912, limit: 518493680 })","Error: Numerics(Budget { resource: ""bytes"", requested: 536870912, limit: 518493680 })",preparation,preparation,,,,,,99720,98752
softwarex/random_basis_monomial_d100000/kernel/inverse_only,inverse_only,b997f677d30dc686249e419726436a055255a36a79301d2259afe8e4a573f5d1,100000,100000,,1e-10,1e-10,preparation_failure,preparation_failure,resource_limit,resource_limit,"Error: Numerics(Budget { resource: ""bytes"", requested: 536870912, limit: 518493680 })","Error: Numerics(Budget { resource: ""bytes"", requested: 536870912, limit: 518493680 })",preparation,preparation,,,,,,99020,99264
softwarex/random_basis_monomial_d100000/kernel/forward_only,forward_only,b997f677d30dc686249e419726436a055255a36a79301d2259afe8e4a573f5d1,100000,100000,,1e-10,1e-10,preparation_failure,preparation_failure,resource_limit,resource_limit,"Error: Numerics(Budget { resource: ""bytes"", requested: 536870912, limit: 518493680 })","Error: Numerics(Budget { resource: ""bytes"", requested: 536870912, limit: 518493680 })",preparation,preparation,,,,,,98476,99404
softwarex/random_basis_monomial_d100000/kernel/completion_inverse,completion_inverse,b997f677d30dc686249e419726436a055255a36a79301d2259afe8e4a573f5d1,100000,100000,,1e-10,1e-10,preparation_failure,preparation_failure,resource_limit,resource_limit,"Error: Numerics(Budget { resource: ""bytes"", requested: 536870912, limit: 518493680 })","Error: Numerics(Budget { resource: ""bytes"", requested: 536870912, limit: 518493680 })",preparation,preparation,,,,,,99260,98948
softwarex/random_basis_monomial_d1000000/solver/full_pipeline,full_pipeline,f05712e527802ce5f69adbd643d7d2ba0e386b801286b6982ea89b2aaddb868a,1000000,1000000,,1e-10,1.25e-11,resource_limit,resource_limit,resource_limit,resource_limit,"Error: Budget(""no completion grid admitted"")","Error: Budget(""no completion grid admitted"")",preparation,preparation,,,,,,961788,961756
softwarex/random_basis_monomial_d1000000/kernel/validated_roundtrip,validated_roundtrip,f05712e527802ce5f69adbd643d7d2ba0e386b801286b6982ea89b2aaddb868a,1000000,1000000,,1e-10,1e-10,resource_limit,resource_limit,resource_limit,resource_limit,"Error: Budget(""no completion grid admitted"")","Error: Budget(""no completion grid admitted"")",preparation,preparation,,,,,,961608,961604
softwarex/random_basis_monomial_d1000000/kernel/inverse_only,inverse_only,f05712e527802ce5f69adbd643d7d2ba0e386b801286b6982ea89b2aaddb868a,1000000,1000000,,1e-10,1e-10,resource_limit,resource_limit,resource_limit,resource_limit,"Error: Budget(""no completion grid admitted"")","Error: Budget(""no completion grid admitted"")",preparation,preparation,,,,,,961516,961676
softwarex/random_basis_monomial_d1000000/kernel/forward_only,forward_only,f05712e527802ce5f69adbd643d7d2ba0e386b801286b6982ea89b2aaddb868a,1000000,1000000,,1e-10,1e-10,resource_limit,resource_limit,resource_limit,resource_limit,"Error: Budget(""no completion grid admitted"")","Error: Budget(""no completion grid admitted"")",preparation,preparation,,,,,,961924,961472
softwarex/random_basis_monomial_d1000000/kernel/completion_inverse,completion_inverse,f05712e527802ce5f69adbd643d7d2ba0e386b801286b6982ea89b2aaddb868a,1000000,1000000,,1e-10,1e-10,resource_limit,resource_limit,resource_limit,resource_limit,"Error: Budget(""no completion grid admitted"")","Error: Budget(""no completion grid admitted"")",preparation,preparation,,,,,,961804,961724
softwarex/random_basis_monomial_d20/solver/full_pipeline,full_pipeline,08465c594b94b00dedb61917f651c5bd8ab54f50e69e0d24b2889716e81079d9,20,20,,1e-12,1.25e-13,ok,ok,ok,ok,,,complete,complete,2.5735369674468285e-16,2.5735369674468285e-16,59040.05464480874,58990.710349462366,1.000836475693445,79840,80592
softwarex/random_basis_monomial_d20/kernel/validated_roundtrip,validated_roundtrip,08465c594b94b00dedb61917f651c5bd8ab54f50e69e0d24b2889716e81079d9,20,20,,1e-12,1e-12,ok,ok,ok,ok,,,complete,complete,2.5735369674468285e-16,2.5735369674468285e-16,55205.39538239538,55712.20126262626,0.9909031438581684,80804,80552
softwarex/random_basis_monomial_d20/kernel/inverse_only,inverse_only,08465c594b94b00dedb61917f651c5bd8ab54f50e69e0d24b2889716e81079d9,20,20,,1e-12,1e-12,ok,ok,ok,ok,,,complete,complete,2.5735369674468285e-16,2.5735369674468285e-16,17024.531690140844,16923.230066445183,1.0059859508674127,79868,81268
softwarex/random_basis_monomial_d20/kernel/forward_only,forward_only,08465c594b94b00dedb61917f651c5bd8ab54f50e69e0d24b2889716e81079d9,20,20,,1e-12,1e-12,ok,ok,ok,ok,,,complete,complete,2.5735369674468285e-16,2.5735369674468285e-16,13954.476833976834,13834.433047073791,1.0086771743008605,80480,81824
softwarex/random_basis_monomial_d20/kernel/completion_inverse,completion_inverse,08465c594b94b00dedb61917f651c5bd8ab54f50e69e0d24b2889716e81079d9,20,20,,1e-12,1e-12,ok,ok,ok,ok,,,complete,complete,2.5735369674468285e-16,2.5735369674468285e-16,40689.306179775274,42206.173089701,0.964060543781074,81272,80672
softwarex/random_basis_monomial_d200/solver/full_pipeline,full_pipeline,ad0fe2d9ca6b588bb3679ea4f42a3803e5961e4bbfb8473b9842118464ead828,200,200,,1e-12,1.25e-13,ok,ok,ok,ok,,,complete,complete,2.514482914938403e-15,2.514482914938403e-15,59592772.0,59452431.0,1.0023605594866256,80508,81444
softwarex/random_basis_monomial_d200/kernel/validated_roundtrip,validated_roundtrip,ad0fe2d9ca6b588bb3679ea4f42a3803e5961e4bbfb8473b9842118464ead828,200,200,,1e-12,1e-12,ok,ok,ok,ok,,,complete,complete,2.514482914938403e-15,2.514482914938403e-15,636783.8666666667,637844.0079365079,0.9983379301888076,81024,80856
softwarex/random_basis_monomial_d200/kernel/inverse_only,inverse_only,ad0fe2d9ca6b588bb3679ea4f42a3803e5961e4bbfb8473b9842118464ead828,200,200,,1e-12,1e-12,ok,ok,ok,ok,,,complete,complete,2.514482914938403e-15,2.514482914938403e-15,234235.20982142858,233646.81785714286,1.0025182965027388,81348,81228
softwarex/random_basis_monomial_d200/kernel/forward_only,forward_only,ad0fe2d9ca6b588bb3679ea4f42a3803e5961e4bbfb8473b9842118464ead828,200,200,,1e-12,1e-12,ok,ok,ok,ok,,,complete,complete,2.514482914938403e-15,2.514482914938403e-15,195138.65877192983,194464.26315789472,1.0034679668288848,81496,81664
softwarex/random_basis_monomial_d200/kernel/completion_inverse,completion_inverse,ad0fe2d9ca6b588bb3679ea4f42a3803e5961e4bbfb8473b9842118464ead828,200,200,,1e-12,1e-12,ok,ok,ok,ok,,,complete,complete,2.514482914938403e-15,2.514482914938403e-15,440742.31666666665,440675.74074074073,1.000151076902518,80800,81852
softwarex/random_basis_monomial_d2000/solver/full_pipeline,full_pipeline,68900ba66724ad0792569b812a86a56cf0ef1ead8d46c053b2a019c4f8bbb308,2000,2000,,1e-12,1.25e-13,ok,ok,ok,ok,,,complete,complete,2.940420379284126e-14,2.940420379284126e-14,2457288061.0,2453744901.0,1.0014439805859836,80780,80772
softwarex/random_basis_monomial_d2000/kernel/validated_roundtrip,validated_roundtrip,68900ba66724ad0792569b812a86a56cf0ef1ead8d46c053b2a019c4f8bbb308,2000,2000,,1e-12,1e-12,ok,ok,ok,ok,,,complete,complete,2.940420379284126e-14,2.940420379284126e-14,7315384.833333333,7265431.0,1.0068755498928188,80384,81964
softwarex/random_basis_monomial_d2000/kernel/inverse_only,inverse_only,68900ba66724ad0792569b812a86a56cf0ef1ead8d46c053b2a019c4f8bbb308,2000,2000,,1e-12,1e-12,ok,ok,ok,ok,,,complete,complete,2.940420379284126e-14,2.940420379284126e-14,2920662.6875,2925387.1071428573,0.9983850275297509,80716,81196
softwarex/random_basis_monomial_d2000/kernel/forward_only,forward_only,68900ba66724ad0792569b812a86a56cf0ef1ead8d46c053b2a019c4f8bbb308,2000,2000,,1e-12,1e-12,ok,ok,ok,ok,,,complete,complete,2.940420379284126e-14,2.940420379284126e-14,2444718.8625,2435603.90625,1.0037423803708845,81416,81600
softwarex/random_basis_monomial_d2000/kernel/completion_inverse,completion_inverse,68900ba66724ad0792569b812a86a56cf0ef1ead8d46c053b2a019c4f8bbb308,2000,2000,,1e-12,1e-12,ok,ok,ok,ok,,,complete,complete,2.940420379284126e-14,2.940420379284126e-14,4795260.4,4813526.083333333,0.9962053424003295,80472,82196
softwarex/random_basis_monomial_d20000/solver/full_pipeline,full_pipeline,e63c33d5334045c65d7976b7e9cab25092c69db4f2edb27b88e77f9d64c397b2,20000,20000,,1e-10,1.25e-11,native_error,native_error,numerical_admission_not_established,numerical_admission_not_established,Error: Contractivity { upper: 1.1129387403048123 },Error: Contractivity { upper: 1.1129387403048123 },preflight,preflight,,,,,,80880,81556
softwarex/random_basis_monomial_d20000/kernel/validated_roundtrip,validated_roundtrip,e63c33d5334045c65d7976b7e9cab25092c69db4f2edb27b88e77f9d64c397b2,20000,20000,,1e-10,1e-10,ok,ok,ok,ok,,,complete,complete,3.0295077212965236e-13,3.0295077212965236e-13,128165327.5,128150463.0,1.0001159925579044,80944,81484
softwarex/random_basis_monomial_d20000/kernel/inverse_only,inverse_only,e63c33d5334045c65d7976b7e9cab25092c69db4f2edb27b88e77f9d64c397b2,20000,20000,,1e-10,1e-10,ok,ok,ok,ok,,,complete,complete,3.0295077212965236e-13,3.0295077212965236e-13,63308856.0,63646843.5,0.9946896423858004,81336,81844
softwarex/random_basis_monomial_d20000/kernel/forward_only,forward_only,e63c33d5334045c65d7976b7e9cab25092c69db4f2edb27b88e77f9d64c397b2,20000,20000,,1e-10,1e-10,ok,ok,ok,ok,,,complete,complete,3.0295077212965236e-13,3.0295077212965236e-13,52197078.5,51752465.0,1.0085911559961442,81380,80928
softwarex/random_basis_monomial_d20000/kernel/completion_inverse,completion_inverse,e63c33d5334045c65d7976b7e9cab25092c69db4f2edb27b88e77f9d64c397b2,20000,20000,,1e-10,1e-10,ok,ok,ok,ok,,,complete,complete,3.0295077212965236e-13,3.0295077212965236e-13,76203306.0,75981259.5,1.00292238509155,81080,81036
softwarex/random_basis_monomial_d200000/solver/full_pipeline,full_pipeline,b8866cf1de07aff8eade142eb1993e9ee0a6a8f8c6cd83bfa1562836a2e570cb,200000,200000,,1e-10,1.25e-11,preparation_failure,preparation_failure,resource_limit,resource_limit,"Error: Numerics(Budget { resource: ""bytes"", requested: 1073741824, limit: 500116464 })","Error: Numerics(Budget { resource: ""bytes"", requested: 1073741824, limit: 500116464 })",preparation,preparation,,,,,,195020,195528
softwarex/random_basis_monomial_d200000/kernel/validated_roundtrip,validated_roundtrip,b8866cf1de07aff8eade142eb1993e9ee0a6a8f8c6cd83bfa1562836a2e570cb,200000,200000,,1e-10,1e-10,preparation_failure,preparation_failure,resource_limit,resource_limit,"Error: Numerics(Budget { resource: ""bytes"", requested: 1073741824, limit: 500116464 })","Error: Numerics(Budget { resource: ""bytes"", requested: 1073741824, limit: 500116464 })",preparation,preparation,,,,,,194764,194756
softwarex/random_basis_monomial_d200000/kernel/inverse_only,inverse_only,b8866cf1de07aff8eade142eb1993e9ee0a6a8f8c6cd83bfa1562836a2e570cb,200000,200000,,1e-10,1e-10,preparation_failure,preparation_failure,resource_limit,resource_limit,"Error: Numerics(Budget { resource: ""bytes"", requested: 1073741824, limit: 500116464 })","Error: Numerics(Budget { resource: ""bytes"", requested: 1073741824, limit: 500116464 })",preparation,preparation,,,,,,195012,194536
softwarex/random_basis_monomial_d200000/kernel/forward_only,forward_only,b8866cf1de07aff8eade142eb1993e9ee0a6a8f8c6cd83bfa1562836a2e570cb,200000,200000,,1e-10,1e-10,preparation_failure,preparation_failure,resource_limit,resource_limit,"Error: Numerics(Budget { resource: ""bytes"", requested: 1073741824, limit: 500116464 })","Error: Numerics(Budget { resource: ""bytes"", requested: 1073741824, limit: 500116464 })",preparation,preparation,,,,,,194760,194236
softwarex/random_basis_monomial_d200000/kernel/completion_inverse,completion_inverse,b8866cf1de07aff8eade142eb1993e9ee0a6a8f8c6cd83bfa1562836a2e570cb,200000,200000,,1e-10,1e-10,preparation_failure,preparation_failure,resource_limit,resource_limit,"Error: Numerics(Budget { resource: ""bytes"", requested: 1073741824, limit: 500116464 })","Error: Numerics(Budget { resource: ""bytes"", requested: 1073741824, limit: 500116464 })",preparation,preparation,,,,,,195276,194752
softwarex/random_basis_monomial_d5/solver/full_pipeline,full_pipeline,50c10293052fb7a9670c519857b9c502c79af065d5d12e283ba813e03469bc03,5,5,,1e-12,1.25e-13,ok,ok,ok,ok,,,complete,complete,4.440905333370705e-16,4.440905333370705e-16,13215.040909090909,13211.12380952381,1.00029650010276,80352,81704
softwarex/random_basis_monomial_d5/kernel/validated_roundtrip,validated_roundtrip,50c10293052fb7a9670c519857b9c502c79af065d5d12e283ba813e03469bc03,5,5,,1e-12,1e-12,ok,ok,ok,ok,,,complete,complete,4.440905333370705e-16,4.440905333370705e-16,12053.234444444444,11953.463934426229,1.0083465772403324,81156,81288
softwarex/random_basis_monomial_d5/kernel/inverse_only,inverse_only,50c10293052fb7a9670c519857b9c502c79af065d5d12e283ba813e03469bc03,5,5,,1e-12,1e-12,ok,ok,ok,ok,,,complete,complete,4.440905333370705e-16,4.440905333370705e-16,3297.419832572298,3363.5932448917356,0.9803265711691107,80768,81136
softwarex/random_basis_monomial_d5/kernel/forward_only,forward_only,50c10293052fb7a9670c519857b9c502c79af065d5d12e283ba813e03469bc03,5,5,,1e-12,1e-12,ok,ok,ok,ok,,,complete,complete,4.440905333370705e-16,4.440905333370705e-16,3164.5992512077296,3181.694208034167,0.994627089937408,80616,81212
softwarex/random_basis_monomial_d5/kernel/completion_inverse,completion_inverse,50c10293052fb7a9670c519857b9c502c79af065d5d12e283ba813e03469bc03,5,5,,1e-12,1e-12,ok,ok,ok,ok,,,complete,complete,4.440905333370705e-16,4.440905333370705e-16,8560.572235355923,9048.91564792176,0.9460329357056175,80716,80036
softwarex/random_basis_monomial_d50/solver/full_pipeline,full_pipeline,70b8430439703a3210f7c8bf39295720d6ba3735faeaf6791500ee61ef19ce72,50,50,,1e-12,1.25e-13,ok,ok,ok,ok,,,complete,complete,4.484394397973856e-16,4.484394397973856e-16,4875912.833333334,4862831.166666666,1.002690133837329,80752,80728
softwarex/random_basis_monomial_d50/kernel/validated_roundtrip,validated_roundtrip,70b8430439703a3210f7c8bf39295720d6ba3735faeaf6791500ee61ef19ce72,50,50,,1e-12,1e-12,ok,ok,ok,ok,,,complete,complete,4.484394397973856e-16,4.484394397973856e-16,134202.13827160496,133259.03103741497,1.0070772481748362,81092,81376
softwarex/random_basis_monomial_d50/kernel/inverse_only,inverse_only,70b8430439703a3210f7c8bf39295720d6ba3735faeaf6791500ee61ef19ce72,50,50,,1e-12,1e-12,ok,ok,ok,ok,,,complete,complete,4.484394397973856e-16,4.484394397973856e-16,46127.370253164554,46613.11875,0.9895791461746926,81104,81564
softwarex/random_basis_monomial_d50/kernel/forward_only,forward_only,70b8430439703a3210f7c8bf39295720d6ba3735faeaf6791500ee61ef19ce72,50,50,,1e-12,1e-12,ok,ok,ok,ok,,,complete,complete,4.484394397973856e-16,4.484394397973856e-16,37950.51041666667,37356.422680412375,1.0159032287790715,80312,81692
softwarex/random_basis_monomial_d50/kernel/completion_inverse,completion_inverse,70b8430439703a3210f7c8bf39295720d6ba3735faeaf6791500ee61ef19ce72,50,50,,1e-12,1e-12,ok,ok,ok,ok,,,complete,complete,4.484394397973856e-16,4.484394397973856e-16,95771.80263157895,95418.79166666666,1.0036995958421429,80756,81148
softwarex/random_basis_monomial_d500/solver/full_pipeline,full_pipeline,b145af9f49df20a8847bb442aef9f61053eb37cf0c6283dffd395c42c8957283,500,500,,1e-12,1.25e-13,ok,ok,ok,ok,,,complete,complete,4.6159477261298705e-15,4.6159477261298705e-15,281297634.0,280769691.0,1.0018803418492916,81412,80404
softwarex/random_basis_monomial_d500/kernel/validated_roundtrip,validated_roundtrip,b145af9f49df20a8847bb442aef9f61053eb37cf0c6283dffd395c42c8957283,500,500,,1e-12,1e-12,ok,ok,ok,ok,,,complete,complete,4.6159477261298705e-15,4.6159477261298705e-15,1493202.0944444444,1500286.6555555556,0.9952778616773821,80660,81176
softwarex/random_basis_monomial_d500/kernel/inverse_only,inverse_only,b145af9f49df20a8847bb442aef9f61053eb37cf0c6283dffd395c42c8957283,500,500,,1e-12,1e-12,ok,ok,ok,ok,,,complete,complete,4.6159477261298705e-15,4.6159477261298705e-15,597567.0612244898,580700.1944444445,1.0290457398523551,80908,81208
softwarex/random_basis_monomial_d500/kernel/forward_only,forward_only,b145af9f49df20a8847bb442aef9f61053eb37cf0c6283dffd395c42c8957283,500,500,,1e-12,1e-12,ok,ok,ok,ok,,,complete,complete,4.6159477261298705e-15,4.6159477261298705e-15,495604.7083333334,486957.3229166666,1.0177579944067225,81088,80692
softwarex/random_basis_monomial_d500/kernel/completion_inverse,completion_inverse,b145af9f49df20a8847bb442aef9f61053eb37cf0c6283dffd395c42c8957283,500,500,,1e-12,1e-12,ok,ok,ok,ok,,,complete,complete,4.6159477261298705e-15,4.6159477261298705e-15,997906.021875,1007064.0364583333,0.9909062241805989,80524,80960
softwarex/random_basis_monomial_d5000/solver/full_pipeline,full_pipeline,986d364350b803a23357acd1c0fddd50c771e7d41f148fb915a896290cb1851b,5000,5000,,1e-12,1.25e-13,ok,ok,ok,ok,,,complete,complete,9.428250137047166e-14,9.428250137047166e-14,9983155967.5,9966227001.5,1.0016986333943079,80988,80960
softwarex/random_basis_monomial_d5000/kernel/validated_roundtrip,validated_roundtrip,986d364350b803a23357acd1c0fddd50c771e7d41f148fb915a896290cb1851b,5000,5000,,1e-12,1e-12,ok,ok,ok,ok,,,complete,complete,9.428250137047166e-14,9.428250137047166e-14,32452823.5,31536962.0,1.029040891763766,79964,81412
softwarex/random_basis_monomial_d5000/kernel/inverse_only,inverse_only,986d364350b803a23357acd1c0fddd50c771e7d41f148fb915a896290cb1851b,5000,5000,,1e-12,1e-12,ok,ok,ok,ok,,,complete,complete,9.428250137047166e-14,9.428250137047166e-14,12853992.0,12757701.5,1.0075476370096919,80828,82000
softwarex/random_basis_monomial_d5000/kernel/forward_only,forward_only,986d364350b803a23357acd1c0fddd50c771e7d41f148fb915a896290cb1851b,5000,5000,,1e-12,1e-12,ok,ok,ok,ok,,,complete,complete,9.428250137047166e-14,9.428250137047166e-14,10497376.5,10508639.0,0.9989282627369729,81524,80760
softwarex/random_basis_monomial_d5000/kernel/completion_inverse,completion_inverse,986d364350b803a23357acd1c0fddd50c771e7d41f148fb915a896290cb1851b,5000,5000,,1e-12,1e-12,ok,ok,ok,ok,,,complete,complete,9.428250137047166e-14,9.428250137047166e-14,21465006.0,21484906.0,0.9990737683469502,81240,80804
softwarex/random_basis_monomial_d50000/solver/full_pipeline,full_pipeline,7eae4c68692d67d014472aca652b86113bb67d71037a77615e4e078846d15406,50000,50000,,1e-10,1.25e-11,preparation_failure,preparation_failure,resource_limit,resource_limit,"Error: Numerics(Budget { resource: ""bytes"", requested: 536870912, limit: 519293680 })","Error: Numerics(Budget { resource: ""bytes"", requested: 536870912, limit: 519293680 })",preparation,preparation,,,,,,81240,80480
softwarex/random_basis_monomial_d50000/kernel/validated_roundtrip,validated_roundtrip,7eae4c68692d67d014472aca652b86113bb67d71037a77615e4e078846d15406,50000,50000,,1e-10,1e-10,preparation_failure,preparation_failure,resource_limit,resource_limit,"Error: Numerics(Budget { resource: ""bytes"", requested: 536870912, limit: 519293680 })","Error: Numerics(Budget { resource: ""bytes"", requested: 536870912, limit: 519293680 })",preparation,preparation,,,,,,81152,81664
softwarex/random_basis_monomial_d50000/kernel/inverse_only,inverse_only,7eae4c68692d67d014472aca652b86113bb67d71037a77615e4e078846d15406,50000,50000,,1e-10,1e-10,preparation_failure,preparation_failure,resource_limit,resource_limit,"Error: Numerics(Budget { resource: ""bytes"", requested: 536870912, limit: 519293680 })","Error: Numerics(Budget { resource: ""bytes"", requested: 536870912, limit: 519293680 })",preparation,preparation,,,,,,80932,80752
softwarex/random_basis_monomial_d50000/kernel/forward_only,forward_only,7eae4c68692d67d014472aca652b86113bb67d71037a77615e4e078846d15406,50000,50000,,1e-10,1e-10,preparation_failure,preparation_failure,resource_limit,resource_limit,"Error: Numerics(Budget { resource: ""bytes"", requested: 536870912, limit: 519293680 })","Error: Numerics(Budget { resource: ""bytes"", requested: 536870912, limit: 519293680 })",preparation,preparation,,,,,,81316,81820
softwarex/random_basis_monomial_d50000/kernel/completion_inverse,completion_inverse,7eae4c68692d67d014472aca652b86113bb67d71037a77615e4e078846d15406,50000,50000,,1e-10,1e-10,preparation_failure,preparation_failure,resource_limit,resource_limit,"Error: Numerics(Budget { resource: ""bytes"", requested: 536870912, limit: 519293680 })","Error: Numerics(Budget { resource: ""bytes"", requested: 536870912, limit: 519293680 })",preparation,preparation,,,,,,79788,81800
softwarex/random_basis_monomial_d500000/solver/full_pipeline,full_pipeline,6207babab517a8f51137789dd66d92f4301e2c8ffbd5fecaf576ed2c691fb88f,500000,500000,,1e-10,1.25e-11,resource_limit,resource_limit,resource_limit,resource_limit,"Error: Budget(""no completion grid admitted"")","Error: Budget(""no completion grid admitted"")",preparation,preparation,,,,,,482500,482500
softwarex/random_basis_monomial_d500000/kernel/validated_roundtrip,validated_roundtrip,6207babab517a8f51137789dd66d92f4301e2c8ffbd5fecaf576ed2c691fb88f,500000,500000,,1e-10,1e-10,resource_limit,resource_limit,resource_limit,resource_limit,"Error: Budget(""no completion grid admitted"")","Error: Budget(""no completion grid admitted"")",preparation,preparation,,,,,,482504,482756
softwarex/random_basis_monomial_d500000/kernel/inverse_only,inverse_only,6207babab517a8f51137789dd66d92f4301e2c8ffbd5fecaf576ed2c691fb88f,500000,500000,,1e-10,1e-10,resource_limit,resource_limit,resource_limit,resource_limit,"Error: Budget(""no completion grid admitted"")","Error: Budget(""no completion grid admitted"")",preparation,preparation,,,,,,482696,482436
softwarex/random_basis_monomial_d500000/kernel/forward_only,forward_only,6207babab517a8f51137789dd66d92f4301e2c8ffbd5fecaf576ed2c691fb88f,500000,500000,,1e-10,1e-10,resource_limit,resource_limit,resource_limit,resource_limit,"Error: Budget(""no completion grid admitted"")","Error: Budget(""no completion grid admitted"")",preparation,preparation,,,,,,482756,482496
softwarex/random_basis_monomial_d500000/kernel/completion_inverse,completion_inverse,6207babab517a8f51137789dd66d92f4301e2c8ffbd5fecaf576ed2c691fb88f,500000,500000,,1e-10,1e-10,resource_limit,resource_limit,resource_limit,resource_limit,"Error: Budget(""no completion grid admitted"")","Error: Budget(""no completion grid admitted"")",preparation,preparation,,,,,,482456,482244
numerical_unitary/dimension64,numerical_storage_and_gram_admission,2ec312d44112a7d340394a0d1c1db68b9dd8752eb7feb1b5faa59b172a77bf37,,,64,0.0,,ok,ok,ok,ok,,,complete,complete,0.0,0.0,72619.82722222223,72203.12069716776,1.0057713090657425,81328,81368
numerical_unitary/dimension128,numerical_storage_and_gram_admission,bce447d5d457d71597a10c62c82dbe6e8be27d7b15f765bfdd57c818bb19091b,,,128,0.0,,ok,ok,ok,ok,,,complete,complete,0.0,0.0,596553.8888888889,600038.025,0.9941934744700369,80632,80956
numerical_unitary/dimension256,numerical_storage_and_gram_admission,02e0dbfeaf4d27cffe57ab6be140810fdfc136b0c532ba0ad143893ca50b712f,,,256,0.0,,ok,ok,ok,ok,,,complete,complete,0.0,0.0,4450482.6,4449910.833333334,1.0001284894659872,80080,81032
numerical_unitary/dimension512,numerical_storage_and_gram_admission,62bcb7eadc66050d0d3ff8868f4105042115599d0ba4dd4b0a170ddebb388042,,,512,0.0,,ok,ok,ok,ok,,,complete,complete,0.0,0.0,32003995.5,32202752.0,0.9938279653863124,80480,81640
