representation,workload,median_ns_per_call,min_ns_per_call,max_ns_per_call,median_allocations_per_call,max_peak_extra_bytes
baseline,canonical_construct,109.75,107.7083,326.8625,5.0,600
baseline,canonical_value,14.762958,14.346625,15.732792,0.0,0
baseline,canonical_jet,23.816833,23.49525,24.006542,0.0,0
baseline,canonical_interval,107.2292,106.9708,108.0917,0.0,0
baseline,canonical_interval_jet,839.0333,828.1333,847.9542,0.0,0
baseline,remez_exp_degree3_gap1e-8,36198387.5,36086845.8,36330912.5,75.0,3024
baseline,newton_two_roots,534.95,531.35,542.4375,3.0,160
baseline-typed,canonical_construct,0.275,0.275,0.275,0.0,0
baseline-typed,canonical_value,3.025375,3.015708,3.038833,0.0,0
baseline-typed,canonical_jet,7.225167,7.182667,7.3495,0.0,0
baseline-typed,canonical_interval,95.3625,93.8,96.5625,0.0,0
baseline-typed,canonical_interval_jet,837.6875,827.2167,852.8958,0.0,0
baseline-typed,remez_exp_degree3_gap1e-8,36682729.1,36078158.3,36740837.5,73.0,2784
baseline-typed,newton_two_roots,537.5833,532.2459,538.3917,3.0,160
current,canonical_construct,0.275,0.2709,0.2958,0.0,0
current,canonical_value,3.014958,2.977625,3.099416,0.0,0
current,canonical_jet,7.027375,6.975709,7.075791,0.0,0
current,canonical_interval,85.7667,83.8542,89.5458,0.0,0
current,canonical_interval_jet,773.7459,763.2,796.1875,0.0,0
current,remez_exp_degree3_gap1e-8,556812.5,551541.7,557975.0,376.0,2112
current,newton_two_roots,545.0583,542.3208,557.2667,2.0,64
mp,mp256_rational_third_degree0_uniform1e-50,226754.2,224450.0,336270.8,4664.0,4756
workload,current_over_baseline_dynamic,current_over_baseline_typed
canonical_construct,0.0025056947608200456,1.0
canonical_value,0.2042245192325278,0.9965567904805189
canonical_jet,0.29505917096534207,0.9726245773973115
canonical_interval,0.7998446318726615,0.8993755406999607
canonical_interval_jet,0.9221873553767174,0.9236689099455346
remez_exp_degree3_gap1e-8,0.015382245963304305,0.015179145981262337
newton_two_roots,1.0188957846527713,1.0139048218201718
