trial,bits,backend,allocation,workload,iterations,cpu_ns,wall_ns,cpu_ns_per_iteration,wall_ns_per_iteration
0,128,astro,fresh,add,200000,9985000,10109125,49.925,50.546
0,128,astro,fresh,mul,200000,10180000,10257834,50.900,51.289
0,128,astro,fresh,div,200000,39515000,39831000,197.575,199.155
0,128,rug,fresh,add,200000,5214000,5263792,26.070,26.319
0,128,rug,fresh,mul,200000,6641000,6665916,33.205,33.330
0,128,rug,fresh,div,200000,10599000,10648875,52.995,53.244
0,128,rug,reuse,add,200000,1722000,1721625,8.610,8.608
0,128,rug,reuse,mul,200000,2716000,2742208,13.580,13.711
0,128,rug,reuse,div,200000,5570000,5607208,27.850,28.036
0,128,astro,fresh,exp_endpoints,2000,80499000,80836667,40249.500,40418.334
0,128,astro,fresh,ln_endpoints,2000,177297000,177757417,88648.500,88878.708
0,128,astro,fresh,sin_endpoints,2000,58625000,59130083,29312.500,29565.041
0,128,astro,fresh,cos_endpoints,2000,45902000,46327833,22951.000,23163.916
0,128,rug,fresh,exp_endpoints,2000,3601000,3629125,1800.500,1814.562
0,128,rug,fresh,ln_endpoints,2000,5137000,5182750,2568.500,2591.375
0,128,rug,fresh,sin_endpoints,2000,3308000,3339834,1654.000,1669.917
0,128,rug,fresh,cos_endpoints,2000,2475000,2492083,1237.500,1246.042
0,128,rug,reuse,exp_endpoints,2000,3447000,3446458,1723.500,1723.229
0,128,rug,reuse,ln_endpoints,2000,5065000,5113667,2532.500,2556.834
0,128,rug,reuse,sin_endpoints,2000,3151000,3177292,1575.500,1588.646
0,128,rug,reuse,cos_endpoints,2000,2364000,2386250,1182.000,1193.125
0,128,astro,fresh,matmul16,50,22439000,22561125,448780.000,451222.500
0,128,astro,fresh,qr16,50,32816000,32986125,656320.000,659722.500
0,128,rug,fresh,matmul16,50,13681000,13761291,273620.000,275225.820
0,128,rug,fresh,qr16,50,15011000,15049584,300220.000,300991.680
0,256,astro,fresh,add,200000,10489000,10509708,52.445,52.549
0,256,astro,fresh,mul,200000,12221000,12286125,61.105,61.431
0,256,astro,fresh,div,200000,52252000,52502917,261.260,262.515
0,256,rug,fresh,add,200000,6259000,6330916,31.295,31.655
0,256,rug,fresh,mul,200000,9018000,9106417,45.090,45.532
0,256,rug,fresh,div,200000,17941000,18067708,89.705,90.339
0,256,rug,reuse,add,200000,2466000,2479334,12.330,12.397
0,256,rug,reuse,mul,200000,4965000,4998333,24.825,24.992
0,256,rug,reuse,div,200000,12680000,12709959,63.400,63.550
0,256,astro,fresh,exp_endpoints,2000,98101000,98814042,49050.500,49407.021
0,256,astro,fresh,ln_endpoints,2000,206237000,207476542,103118.500,103738.271
0,256,astro,fresh,sin_endpoints,2000,70614000,71048541,35307.000,35524.270
0,256,astro,fresh,cos_endpoints,2000,62180000,62568708,31090.000,31284.354
0,256,rug,fresh,exp_endpoints,2000,5236000,5266250,2618.000,2633.125
0,256,rug,fresh,ln_endpoints,2000,9268000,9300750,4634.000,4650.375
0,256,rug,fresh,sin_endpoints,2000,5160000,5176250,2580.000,2588.125
0,256,rug,fresh,cos_endpoints,2000,4064000,4099042,2032.000,2049.521
0,256,rug,reuse,exp_endpoints,2000,5250000,5281459,2625.000,2640.729
0,256,rug,reuse,ln_endpoints,2000,10666000,10742083,5333.000,5371.042
0,256,rug,reuse,sin_endpoints,2000,5148000,5147042,2574.000,2573.521
0,256,rug,reuse,cos_endpoints,2000,4092000,4191041,2046.000,2095.521
0,256,astro,fresh,matmul16,50,25424000,25637375,508480.000,512747.500
0,256,astro,fresh,qr16,50,37397000,37572250,747940.000,751445.000
0,256,rug,fresh,matmul16,50,16316000,16370916,326320.000,327418.320
0,256,rug,fresh,qr16,50,18466000,18563583,369320.000,371271.660
0,512,astro,fresh,add,200000,10879000,10920875,54.395,54.604
0,512,astro,fresh,mul,200000,17748000,17909791,88.740,89.549
0,512,astro,fresh,div,200000,82881000,83485334,414.405,417.427
0,512,rug,fresh,add,200000,6536000,6628875,32.680,33.144
0,512,rug,fresh,mul,200000,12478000,12556833,62.390,62.784
0,512,rug,fresh,div,200000,28880000,29287750,144.400,146.439
0,512,rug,reuse,add,200000,2890000,2913500,14.450,14.568
0,512,rug,reuse,mul,200000,10081000,10415167,50.405,52.076
0,512,rug,reuse,div,200000,23933000,24335917,119.665,121.680
0,512,astro,fresh,exp_endpoints,2000,138805000,139306709,69402.500,69653.355
0,512,astro,fresh,ln_endpoints,2000,271579000,273283292,135789.500,136641.646
0,512,astro,fresh,sin_endpoints,2000,119913000,120619125,59956.500,60309.562
0,512,astro,fresh,cos_endpoints,2000,100845000,101248167,50422.500,50624.084
0,512,rug,fresh,exp_endpoints,2000,9562000,9619875,4781.000,4809.938
0,512,rug,fresh,ln_endpoints,2000,16382000,16434500,8191.000,8217.250
0,512,rug,fresh,sin_endpoints,2000,9080000,9145625,4540.000,4572.812
0,512,rug,fresh,cos_endpoints,2000,7360000,7410166,3680.000,3705.083
0,512,rug,reuse,exp_endpoints,2000,9479000,9520459,4739.500,4760.230
0,512,rug,reuse,ln_endpoints,2000,14959000,15062625,7479.500,7531.312
0,512,rug,reuse,sin_endpoints,2000,9031000,9105958,4515.500,4552.979
0,512,rug,reuse,cos_endpoints,2000,7390000,7430542,3695.000,3715.271
0,512,astro,fresh,matmul16,50,32623000,32887333,652460.000,657746.660
0,512,astro,fresh,qr16,50,47872000,48191375,957440.000,963827.500
0,512,rug,fresh,matmul16,50,20601000,20773833,412020.000,415476.660
0,512,rug,fresh,qr16,50,23665000,23861667,473300.000,477233.340
1,128,rug,fresh,add,200000,5241000,5267291,26.205,26.336
1,128,rug,fresh,mul,200000,6831000,6870167,34.155,34.351
1,128,rug,fresh,div,200000,10739000,10783875,53.695,53.919
1,128,rug,reuse,add,200000,1794000,1793500,8.970,8.967
1,128,rug,reuse,mul,200000,2795000,2884667,13.975,14.423
1,128,rug,reuse,div,200000,5343000,5342375,26.715,26.712
1,128,astro,fresh,add,200000,9701000,9706958,48.505,48.535
1,128,astro,fresh,mul,200000,10240000,10318708,51.200,51.594
1,128,astro,fresh,div,200000,39422000,39527833,197.110,197.639
1,128,rug,fresh,exp_endpoints,2000,3585000,3597667,1792.500,1798.833
1,128,rug,fresh,ln_endpoints,2000,5041000,5041542,2520.500,2520.771
1,128,rug,fresh,sin_endpoints,2000,3355000,3398458,1677.500,1699.229
1,128,rug,fresh,cos_endpoints,2000,2343000,2342833,1171.500,1171.417
1,128,rug,reuse,exp_endpoints,2000,3477000,3521541,1738.500,1760.771
1,128,rug,reuse,ln_endpoints,2000,4940000,4955959,2470.000,2477.979
1,128,rug,reuse,sin_endpoints,2000,3179000,3201875,1589.500,1600.938
1,128,rug,reuse,cos_endpoints,2000,2371000,2371125,1185.500,1185.562
1,128,astro,fresh,exp_endpoints,2000,82131000,82534375,41065.500,41267.188
1,128,astro,fresh,ln_endpoints,2000,179009000,179980791,89504.500,89990.395
1,128,astro,fresh,sin_endpoints,2000,56792000,56983250,28396.000,28491.625
1,128,astro,fresh,cos_endpoints,2000,44969000,45074584,22484.500,22537.292
1,128,rug,fresh,matmul16,50,13211000,13292875,264220.000,265857.500
1,128,rug,fresh,qr16,50,15096000,15167667,301920.000,303353.340
1,128,astro,fresh,matmul16,50,22678000,22922459,453560.000,458449.180
1,128,astro,fresh,qr16,50,33659000,34082875,673180.000,681657.500
1,256,rug,fresh,add,200000,6133000,6144291,30.665,30.721
1,256,rug,fresh,mul,200000,9362000,9548667,46.810,47.743
1,256,rug,fresh,div,200000,18678000,18826958,93.390,94.135
1,256,rug,reuse,add,200000,2430000,2430041,12.150,12.150
1,256,rug,reuse,mul,200000,5036000,5036542,25.180,25.183
1,256,rug,reuse,div,200000,15488000,15618375,77.440,78.092
1,256,astro,fresh,add,200000,13598000,13792167,67.990,68.961
1,256,astro,fresh,mul,200000,14181000,14581792,70.905,72.909
1,256,astro,fresh,div,200000,53175000,53483000,265.875,267.415
1,256,rug,fresh,exp_endpoints,2000,5533000,5569292,2766.500,2784.646
1,256,rug,fresh,ln_endpoints,2000,9132000,9152958,4566.000,4576.479
1,256,rug,fresh,sin_endpoints,2000,5123000,5122125,2561.500,2561.062
1,256,rug,fresh,cos_endpoints,2000,3920000,3919875,1960.000,1959.938
1,256,rug,reuse,exp_endpoints,2000,5231000,5255875,2615.500,2627.938
1,256,rug,reuse,ln_endpoints,2000,10753000,11705375,5376.500,5852.688
1,256,rug,reuse,sin_endpoints,2000,8039000,8124833,4019.500,4062.416
1,256,rug,reuse,cos_endpoints,2000,7373000,7376333,3686.500,3688.166
1,256,astro,fresh,exp_endpoints,2000,98534000,98944500,49267.000,49472.250
1,256,astro,fresh,ln_endpoints,2000,206852000,208035125,103426.000,104017.562
1,256,astro,fresh,sin_endpoints,2000,75248000,76192667,37624.000,38096.334
1,256,astro,fresh,cos_endpoints,2000,62239000,62882375,31119.500,31441.188
1,256,rug,fresh,matmul16,50,16379000,16497083,327580.000,329941.660
1,256,rug,fresh,qr16,50,18532000,18663041,370640.000,373260.820
1,256,astro,fresh,matmul16,50,25712000,25836459,514240.000,516729.180
1,256,astro,fresh,qr16,50,37495000,37646875,749900.000,752937.500
1,512,rug,fresh,add,200000,6545000,6600333,32.725,33.002
1,512,rug,fresh,mul,200000,12468000,12525833,62.340,62.629
1,512,rug,fresh,div,200000,28057000,28226000,140.285,141.130
1,512,rug,reuse,add,200000,2647000,2645541,13.235,13.228
1,512,rug,reuse,mul,200000,8621000,8719125,43.105,43.596
1,512,rug,reuse,div,200000,22914000,22951750,114.570,114.759
1,512,astro,fresh,add,200000,10984000,11070625,54.920,55.353
1,512,astro,fresh,mul,200000,17672000,17742542,88.360,88.713
1,512,astro,fresh,div,200000,83158000,83745333,415.790,418.727
1,512,rug,fresh,exp_endpoints,2000,9614000,9633791,4807.000,4816.895
1,512,rug,fresh,ln_endpoints,2000,16909000,17187750,8454.500,8593.875
1,512,rug,fresh,sin_endpoints,2000,9194000,9264792,4597.000,4632.396
1,512,rug,fresh,cos_endpoints,2000,7789000,7952167,3894.500,3976.084
1,512,rug,reuse,exp_endpoints,2000,9670000,9748583,4835.000,4874.292
1,512,rug,reuse,ln_endpoints,2000,15324000,15505208,7662.000,7752.604
1,512,rug,reuse,sin_endpoints,2000,9458000,9678750,4729.000,4839.375
1,512,rug,reuse,cos_endpoints,2000,7441000,7497333,3720.500,3748.666
1,512,astro,fresh,exp_endpoints,2000,141831000,143287792,70915.500,71643.896
1,512,astro,fresh,ln_endpoints,2000,275900000,278387625,137950.000,139193.812
1,512,astro,fresh,sin_endpoints,2000,120791000,121356834,60395.500,60678.417
1,512,astro,fresh,cos_endpoints,2000,102120000,102913208,51060.000,51456.604
1,512,rug,fresh,matmul16,50,20882000,21079667,417640.000,421593.340
1,512,rug,fresh,qr16,50,23445000,23569625,468900.000,471392.500
1,512,astro,fresh,matmul16,50,33129000,33458458,662580.000,669169.160
1,512,astro,fresh,qr16,50,47926000,48195917,958520.000,963918.340
2,128,rug,reuse,add,200000,1753000,1752250,8.765,8.761
2,128,rug,reuse,mul,200000,2692000,2691750,13.460,13.459
2,128,rug,reuse,div,200000,5641000,5712791,28.205,28.564
2,128,astro,fresh,add,200000,9859000,9962709,49.295,49.814
2,128,astro,fresh,mul,200000,10162000,10255250,50.810,51.276
2,128,astro,fresh,div,200000,40635000,41039541,203.175,205.198
2,128,rug,fresh,add,200000,5221000,5288708,26.105,26.444
2,128,rug,fresh,mul,200000,6736000,6769667,33.680,33.848
2,128,rug,fresh,div,200000,10801000,10905959,54.005,54.530
2,128,rug,reuse,exp_endpoints,2000,3820000,3930250,1910.000,1965.125
2,128,rug,reuse,ln_endpoints,2000,5112000,5171916,2556.000,2585.958
2,128,rug,reuse,sin_endpoints,2000,3155000,3167125,1577.500,1583.562
2,128,rug,reuse,cos_endpoints,2000,2386000,2406708,1193.000,1203.354
2,128,astro,fresh,exp_endpoints,2000,83474000,84154333,41737.000,42077.166
2,128,astro,fresh,ln_endpoints,2000,194101000,212468250,97050.500,106234.125
2,128,astro,fresh,sin_endpoints,2000,81091000,104509125,40545.500,52254.562
2,128,astro,fresh,cos_endpoints,2000,53232000,57357000,26616.000,28678.500
2,128,rug,fresh,exp_endpoints,2000,3665000,3679291,1832.500,1839.646
2,128,rug,fresh,ln_endpoints,2000,5118000,5164209,2559.000,2582.104
2,128,rug,fresh,sin_endpoints,2000,3501000,3634000,1750.500,1817.000
2,128,rug,fresh,cos_endpoints,2000,2575000,2574250,1287.500,1287.125
2,128,astro,fresh,matmul16,50,25660000,26286416,513200.000,525728.320
2,128,astro,fresh,qr16,50,40473000,70383167,809460.000,1407663.340
2,128,rug,fresh,matmul16,50,13515000,13604667,270300.000,272093.340
2,128,rug,fresh,qr16,50,15263000,15417084,305260.000,308341.680
2,256,rug,reuse,add,200000,2475000,2474041,12.375,12.370
2,256,rug,reuse,mul,200000,5215000,5291750,26.075,26.459
2,256,rug,reuse,div,200000,12961000,13105875,64.805,65.529
2,256,astro,fresh,add,200000,10393000,10436541,51.965,52.183
2,256,astro,fresh,mul,200000,12832000,12870500,64.160,64.353
2,256,astro,fresh,div,200000,53269000,53516583,266.345,267.583
2,256,rug,fresh,add,200000,6022000,6021000,30.110,30.105
2,256,rug,fresh,mul,200000,8838000,8867458,44.190,44.337
2,256,rug,fresh,div,200000,17915000,17997417,89.575,89.987
2,256,rug,reuse,exp_endpoints,2000,5384000,5420583,2692.000,2710.291
2,256,rug,reuse,ln_endpoints,2000,10600000,10664375,5300.000,5332.188
2,256,rug,reuse,sin_endpoints,2000,5190000,5219042,2595.000,2609.521
2,256,rug,reuse,cos_endpoints,2000,3960000,3962125,1980.000,1981.062
2,256,astro,fresh,exp_endpoints,2000,98413000,99199917,49206.500,49599.959
2,256,astro,fresh,ln_endpoints,2000,213147000,216290625,106573.500,108145.312
2,256,astro,fresh,sin_endpoints,2000,74680000,83535250,37340.000,41767.625
2,256,astro,fresh,cos_endpoints,2000,60811000,61088167,30405.500,30544.084
2,256,rug,fresh,exp_endpoints,2000,5290000,5299625,2645.000,2649.812
2,256,rug,fresh,ln_endpoints,2000,9218000,9262958,4609.000,4631.479
2,256,rug,fresh,sin_endpoints,2000,5222000,5240625,2611.000,2620.312
2,256,rug,fresh,cos_endpoints,2000,3998000,4007333,1999.000,2003.667
2,256,astro,fresh,matmul16,50,25556000,25696000,511120.000,513920.000
2,256,astro,fresh,qr16,50,37545000,37733584,750900.000,754671.680
2,256,rug,fresh,matmul16,50,16071000,16120500,321420.000,322410.000
2,256,rug,fresh,qr16,50,18659000,18833500,373180.000,376670.000
2,512,rug,reuse,add,200000,2671000,2701958,13.355,13.510
2,512,rug,reuse,mul,200000,8622000,8644750,43.110,43.224
2,512,rug,reuse,div,200000,23559000,23708792,117.795,118.544
2,512,astro,fresh,add,200000,10903000,10964791,54.515,54.824
2,512,astro,fresh,mul,200000,18085000,18329750,90.425,91.649
2,512,astro,fresh,div,200000,88691000,90072083,443.455,450.360
2,512,rug,fresh,add,200000,7890000,8057667,39.450,40.288
2,512,rug,fresh,mul,200000,13596000,13931375,67.980,69.657
2,512,rug,fresh,div,200000,28022000,28143750,140.110,140.719
2,512,rug,reuse,exp_endpoints,2000,9806000,9958125,4903.000,4979.062
2,512,rug,reuse,ln_endpoints,2000,16570000,17039209,8285.000,8519.604
2,512,rug,reuse,sin_endpoints,2000,9383000,9517833,4691.500,4758.917
2,512,rug,reuse,cos_endpoints,2000,7391000,7433083,3695.500,3716.541
2,512,astro,fresh,exp_endpoints,2000,138685000,139087542,69342.500,69543.771
2,512,astro,fresh,ln_endpoints,2000,272644000,273974083,136322.000,136987.041
2,512,astro,fresh,sin_endpoints,2000,119466000,119906084,59733.000,59953.042
2,512,astro,fresh,cos_endpoints,2000,100343000,100639833,50171.500,50319.916
2,512,rug,fresh,exp_endpoints,2000,9560000,9572250,4780.000,4786.125
2,512,rug,fresh,ln_endpoints,2000,16398000,16474458,8199.000,8237.229
2,512,rug,fresh,sin_endpoints,2000,9154000,9182167,4577.000,4591.083
2,512,rug,fresh,cos_endpoints,2000,7457000,7538666,3728.500,3769.333
2,512,astro,fresh,matmul16,50,32771000,33028417,655420.000,660568.340
2,512,astro,fresh,qr16,50,48184000,48524875,963680.000,970497.500
2,512,rug,fresh,matmul16,50,21077000,21372750,421540.000,427455.000
2,512,rug,fresh,qr16,50,23583000,23755875,471660.000,475117.500
