bits,backend,allocation,workload,trials,cpu_ns_median,cpu_ns_min,cpu_ns_max,wall_ns_median,wall_ns_min,wall_ns_max,astro_fresh_cpu_speedup
128,astro,fresh,add,3,49.295,48.505,49.925,49.814,48.535,50.546,1.0
128,astro,fresh,cos_endpoints,3,22951.0,22484.5,26616.0,23163.916,22537.292,28678.5,1.0
128,astro,fresh,div,3,197.575,197.11,203.175,199.155,197.639,205.198,1.0
128,astro,fresh,exp_endpoints,3,41065.5,40249.5,41737.0,41267.188,40418.334,42077.166,1.0
128,astro,fresh,ln_endpoints,3,89504.5,88648.5,97050.5,89990.395,88878.708,106234.125,1.0
128,astro,fresh,matmul16,3,453560.0,448780.0,513200.0,458449.18,451222.5,525728.32,1.0
128,astro,fresh,mul,3,50.9,50.81,51.2,51.289,51.276,51.594,1.0
128,astro,fresh,qr16,3,673180.0,656320.0,809460.0,681657.5,659722.5,1407663.34,1.0
128,astro,fresh,sin_endpoints,3,29312.5,28396.0,40545.5,29565.041,28491.625,52254.562,1.0
128,rug,fresh,add,3,26.105,26.07,26.205,26.336,26.319,26.444,1.88833556789887
128,rug,fresh,cos_endpoints,3,1237.5,1171.5,1287.5,1246.042,1171.417,1287.125,18.546262626262628
128,rug,fresh,div,3,53.695,52.995,54.005,53.919,53.244,54.53,3.6795791041996457
128,rug,fresh,exp_endpoints,3,1800.5,1792.5,1832.5,1814.562,1798.833,1839.646,22.807831158011663
128,rug,fresh,ln_endpoints,3,2559.0,2520.5,2568.5,2582.104,2520.771,2591.375,34.976357952325124
128,rug,fresh,matmul16,3,270300.0,264220.0,273620.0,272093.34,265857.5,275225.82,1.6779874213836479
128,rug,fresh,mul,3,33.68,33.205,34.155,33.848,33.33,34.351,1.5112826603325415
128,rug,fresh,qr16,3,301920.0,300220.0,305260.0,303353.34,300991.68,308341.68,2.229663487016428
128,rug,fresh,sin_endpoints,3,1677.5,1654.0,1750.5,1699.229,1669.917,1817.0,17.473919523099852
128,rug,reuse,add,3,8.765,8.61,8.97,8.761,8.608,8.967,5.62407301768397
128,rug,reuse,cos_endpoints,3,1185.5,1182.0,1193.0,1193.125,1185.562,1203.354,19.359763812737242
128,rug,reuse,div,3,27.85,26.715,28.205,28.036,26.712,28.564,7.094254937163375
128,rug,reuse,exp_endpoints,3,1738.5,1723.5,1910.0,1760.771,1723.229,1965.125,23.621225194132872
128,rug,reuse,ln_endpoints,3,2532.5,2470.0,2556.0,2556.834,2477.979,2585.958,35.34234945705824
128,rug,reuse,mul,3,13.58,13.46,13.975,13.711,13.459,14.423,3.748159057437408
128,rug,reuse,sin_endpoints,3,1577.5,1575.5,1589.5,1588.646,1583.562,1600.938,18.58161648177496
256,astro,fresh,add,3,52.445,51.965,67.99,52.549,52.183,68.961,1.0
256,astro,fresh,cos_endpoints,3,31090.0,30405.5,31119.5,31284.354,30544.084,31441.188,1.0
256,astro,fresh,div,3,265.875,261.26,266.345,267.415,262.515,267.583,1.0
256,astro,fresh,exp_endpoints,3,49206.5,49050.5,49267.0,49472.25,49407.021,49599.959,1.0
256,astro,fresh,ln_endpoints,3,103426.0,103118.5,106573.5,104017.562,103738.271,108145.312,1.0
256,astro,fresh,matmul16,3,511120.0,508480.0,514240.0,513920.0,512747.5,516729.18,1.0
256,astro,fresh,mul,3,64.16,61.105,70.905,64.353,61.431,72.909,1.0
256,astro,fresh,qr16,3,749900.0,747940.0,750900.0,752937.5,751445.0,754671.68,1.0
256,astro,fresh,sin_endpoints,3,37340.0,35307.0,37624.0,38096.334,35524.27,41767.625,1.0
256,rug,fresh,add,3,30.665,30.11,31.295,30.721,30.105,31.655,1.7102559921734877
256,rug,fresh,cos_endpoints,3,1999.0,1960.0,2032.0,2003.667,1959.938,2049.521,15.552776388194097
256,rug,fresh,div,3,89.705,89.575,93.39,90.339,89.987,94.135,2.9638816119502813
256,rug,fresh,exp_endpoints,3,2645.0,2618.0,2766.5,2649.812,2633.125,2784.646,18.60359168241966
256,rug,fresh,ln_endpoints,3,4609.0,4566.0,4634.0,4631.479,4576.479,4650.375,22.440008678672164
256,rug,fresh,matmul16,3,326320.0,321420.0,327580.0,327418.32,322410.0,329941.66,1.5663152733513115
256,rug,fresh,mul,3,45.09,44.19,46.81,45.532,44.337,47.743,1.422931913949878
256,rug,fresh,qr16,3,370640.0,369320.0,373180.0,373260.82,371271.66,376670.0,2.0232570688538742
256,rug,fresh,sin_endpoints,3,2580.0,2561.5,2611.0,2588.125,2561.062,2620.312,14.472868217054264
256,rug,reuse,add,3,12.33,12.15,12.375,12.37,12.15,12.397,4.2534468775344685
256,rug,reuse,cos_endpoints,3,2046.0,1980.0,3686.5,2095.521,1981.062,3688.166,15.195503421309873
256,rug,reuse,div,3,64.805,63.4,77.44,65.529,63.55,78.092,4.10269269346501
256,rug,reuse,exp_endpoints,3,2625.0,2615.5,2692.0,2640.729,2627.938,2710.291,18.745333333333335
256,rug,reuse,ln_endpoints,3,5333.0,5300.0,5376.5,5371.042,5332.188,5852.688,19.3935870991937
256,rug,reuse,mul,3,25.18,24.825,26.075,25.183,24.992,26.459,2.5480540111199366
256,rug,reuse,sin_endpoints,3,2595.0,2574.0,4019.5,2609.521,2573.521,4062.416,14.389210019267823
512,astro,fresh,add,3,54.515,54.395,54.92,54.824,54.604,55.353,1.0
512,astro,fresh,cos_endpoints,3,50422.5,50171.5,51060.0,50624.084,50319.916,51456.604,1.0
512,astro,fresh,div,3,415.79,414.405,443.455,418.727,417.427,450.36,1.0
512,astro,fresh,exp_endpoints,3,69402.5,69342.5,70915.5,69653.355,69543.771,71643.896,1.0
512,astro,fresh,ln_endpoints,3,136322.0,135789.5,137950.0,136987.041,136641.646,139193.812,1.0
512,astro,fresh,matmul16,3,655420.0,652460.0,662580.0,660568.34,657746.66,669169.16,1.0
512,astro,fresh,mul,3,88.74,88.36,90.425,89.549,88.713,91.649,1.0
512,astro,fresh,qr16,3,958520.0,957440.0,963680.0,963918.34,963827.5,970497.5,1.0
512,astro,fresh,sin_endpoints,3,59956.5,59733.0,60395.5,60309.562,59953.042,60678.417,1.0
512,rug,fresh,add,3,32.725,32.68,39.45,33.144,33.002,40.288,1.6658517952635599
512,rug,fresh,cos_endpoints,3,3728.5,3680.0,3894.5,3769.333,3705.083,3976.084,13.523534933619418
512,rug,fresh,div,3,140.285,140.11,144.4,141.13,140.719,146.439,2.9638949281819156
512,rug,fresh,exp_endpoints,3,4781.0,4780.0,4807.0,4809.938,4786.125,4816.895,14.516314578540054
512,rug,fresh,ln_endpoints,3,8199.0,8191.0,8454.5,8237.229,8217.25,8593.875,16.62666178802293
512,rug,fresh,matmul16,3,417640.0,412020.0,421540.0,421593.34,415476.66,427455.0,1.5693420170481756
512,rug,fresh,mul,3,62.39,62.34,67.98,62.784,62.629,69.657,1.422343324250681
512,rug,fresh,qr16,3,471660.0,468900.0,473300.0,475117.5,471392.5,477233.34,2.0322266039095958
512,rug,fresh,sin_endpoints,3,4577.0,4540.0,4597.0,4591.083,4572.812,4632.396,13.099519335809482
512,rug,reuse,add,3,13.355,13.235,14.45,13.51,13.228,14.568,4.0819917633845
512,rug,reuse,cos_endpoints,3,3695.5,3695.0,3720.5,3716.541,3715.271,3748.666,13.644297118116627
512,rug,reuse,div,3,117.795,114.57,119.665,118.544,114.759,121.68,3.5297763062948344
512,rug,reuse,exp_endpoints,3,4835.0,4739.5,4903.0,4874.292,4760.23,4979.062,14.354188210961738
512,rug,reuse,ln_endpoints,3,7662.0,7479.5,8285.0,7752.604,7531.312,8519.604,17.79196032367528
512,rug,reuse,mul,3,43.11,43.105,50.405,43.596,43.224,52.076,2.058455114822547
512,rug,reuse,sin_endpoints,3,4691.5,4515.5,4729.0,4758.917,4552.979,4839.375,12.779814558243633
